source_id,category,cuisine,balance_ingredient,title,description,servings,prep_minutes,cook_minutes,difficulty,image_url,source_url,tags,ingredients,steps,publisher_source_url,youtube_url,fetched_at,metadata_notes,source_attribution,image_creative_commons,source_copyright
53329,Beef,Venezuela,beef,Arepa pelua,Venezuela beef recipe from TheMealDB.,,,,,https://www.themealdb.com/images/media/meals/jgl9qq1764437635.jpg,https://www.themealdb.com/meal/53329,"[""beef"", ""venezuela"", ""ingredient:beef""]","[{""canonical_name"": ""beef"", ""category"": ""Protein"", ""quantity"": 500.0, ""unit"": ""g"", ""optional"": false, ""source_name"": ""Beef"", ""source_measure"": ""500g""}, {""canonical_name"": ""onion"", ""category"": ""Vegetables"", ""quantity"": 1.0, ""unit"": null, ""optional"": false, ""source_name"": ""Onion"", ""source_measure"": ""1""}, {""canonical_name"": ""bell pepper"", ""category"": ""Vegetables"", ""quantity"": 1.0, ""unit"": null, ""optional"": false, ""source_name"": ""Red Pepper"", ""source_measure"": ""1""}, {""canonical_name"": ""garlic"", ""category"": ""Vegetables"", ""quantity"": 2.0, ""unit"": ""cloves"", ""optional"": false, ""source_name"": ""Garlic"", ""source_measure"": ""2 cloves""}, {""canonical_name"": ""cumin"", ""category"": ""Seasoning"", ""quantity"": 1.0, ""unit"": ""tsp"", ""optional"": false, ""source_name"": ""Cumin"", ""source_measure"": ""1 tsp""}, {""canonical_name"": ""oregano"", ""category"": ""Seasoning"", ""quantity"": 1.0, ""unit"": ""tsp"", ""optional"": false, ""source_name"": ""Oregano"", ""source_measure"": ""1 tsp""}, {""canonical_name"": ""paprika"", ""category"": ""Seasoning"", ""quantity"": 1.0, ""unit"": ""tsp"", ""optional"": false, ""source_name"": ""Paprika"", ""source_measure"": ""1 tsp""}, {""canonical_name"": ""beef stock"", ""category"": ""Protein"", ""quantity"": 1.0, ""unit"": ""l"", ""optional"": false, ""source_name"": ""Beef Stock"", ""source_measure"": ""1 L""}, {""canonical_name"": ""water"", ""category"": ""Other"", ""quantity"": 2.5, ""unit"": ""cup"", ""optional"": false, ""source_name"": ""Water"", ""source_measure"": ""2 1/2 cups""}, {""canonical_name"": ""salt"", ""category"": ""Seasoning"", ""quantity"": null, ""unit"": null, ""optional"": false, ""source_name"": ""Salt"", ""source_measure"": ""Pinch""}, {""canonical_name"": ""cheese"", ""category"": ""Dairy"", ""quantity"": 200.0, ""unit"": ""g"", ""optional"": false, ""source_name"": ""Cheese"", ""source_measure"": ""200g""}, {""canonical_name"": ""olive oil"", ""category"": ""Oil"", ""quantity"": null, ""unit"": null, ""optional"": false, ""source_name"": ""Extra Virgin Olive Oil"", ""source_measure"": ""Pinch""}]","[{""step_number"": 1, ""instruction"": ""Cook the meat: Place the flank steak in a pot with broth or water and salt. Cook over low heat for about 2 hours, until tender and easy to shred.""}, {""step_number"": 2, ""instruction"": ""Shred the meat: Once cooked, drain and shred the meat using two forks.""}, {""step_number"": 3, ""instruction"": ""Prepare the vegetables: Sauté chopped onion, bell pepper, and garlic in a little oil. Add cumin, oregano, paprika, and salt. Stir in the meat and cook for a few minutes until the flavors are well combined.""}, {""step_number"": 4, ""instruction"": ""Make the dough: In a bowl, mix the cornmeal with warm water and salt until a soft dough forms. Let it rest for 5 minutes.""}, {""step_number"": 5, ""instruction"": ""Form the arepas: Divide the dough into 6 portions, shape into balls, and flatten into thick discs.""}, {""step_number"": 6, ""instruction"": ""Cook: Cook the arepas on a griddle or skillet over medium heat for 2–3 minutes on each side until golden. You can then bake them for a few minutes if you prefer them crispier.""}, {""step_number"": 7, ""instruction"": ""Fill: Slice the arepas open on one side, fill with the hot shredded beef, and top with grated cheese.""}]",https://goya.es/en/recipes/arepa-pelua,https://www.youtube.com/watch?v=bSWoRyWI6Fo,2026-10-02T09:17:34.157519+00:00,"Source omits servings, prep/cook times and difficulty; blanks import as SQL NULL. Description generated from source category/cuisine. Ingredient categories and balance groups assigned locally.",TheMealDB (https://www.themealdb.com); API terms: https://www.themealdb.com/terms_of_use.php,,
53071,Beef,Filipino,beef,Beef Asado,Filipino beef recipe from TheMealDB.,,,,,https://www.themealdb.com/images/media/meals/pkopc31683207947.jpg,https://www.themealdb.com/meal/53071,"[""beef"", ""filipino"", ""ingredient:beef""]","[{""canonical_name"": ""beef"", ""category"": ""Protein"", ""quantity"": 1.5, ""unit"": ""kg"", ""optional"": false, ""source_name"": ""Beef"", ""source_measure"": ""1.5kg""}, {""canonical_name"": ""beef stock concentrate"", ""category"": ""Protein"", ""quantity"": 1.0, ""unit"": null, ""optional"": false, ""source_name"": ""Beef Stock Concentrate"", ""source_measure"": ""1""}, {""canonical_name"": ""tomato puree"", ""category"": ""Other"", ""quantity"": 8.0, ""unit"": ""oz"", ""optional"": false, ""source_name"": ""Tomato Puree"", ""source_measure"": ""8 ounces""}, {""canonical_name"": ""water"", ""category"": ""Other"", ""quantity"": 3.0, ""unit"": ""cup"", ""optional"": false, ""source_name"": ""Water"", ""source_measure"": ""3 cups""}, {""canonical_name"": ""soy sauce"", ""category"": ""Condiments"", ""quantity"": 6.0, ""unit"": ""tbsp"", ""optional"": false, ""source_name"": ""Soy Sauce"", ""source_measure"": ""6 tablespoons""}, {""canonical_name"": ""white wine vinegar"", ""category"": ""Condiments"", ""quantity"": 1.0, ""unit"": ""tbsp"", ""optional"": false, ""source_name"": ""White Wine Vinegar"", ""source_measure"": ""1 tbs""}, {""canonical_name"": ""pepper"", ""category"": ""Vegetables"", ""quantity"": 2.0, ""unit"": ""tbsp"", ""optional"": false, ""source_name"": ""Pepper"", ""source_measure"": ""2 tbs""}, {""canonical_name"": ""bay leaf"", ""category"": ""Other"", ""quantity"": 4.0, ""unit"": null, ""optional"": false, ""source_name"": ""Bay Leaf"", ""source_measure"": ""4""}, {""canonical_name"": ""lemon"", ""category"": ""Fruit"", ""quantity"": 0.5, ""unit"": null, ""optional"": false, ""source_name"": ""Lemon"", ""source_measure"": ""1/2""}, {""canonical_name"": ""tomato sauce"", ""category"": ""Condiments"", ""quantity"": 2.0, ""unit"": ""tbsp"", ""optional"": false, ""source_name"": ""Tomato Sauce"", ""source_measure"": ""2 tbs""}, {""canonical_name"": ""butter"", ""category"": ""Dairy"", ""quantity"": 3.0, ""unit"": ""tbsp"", ""optional"": false, ""source_name"": ""Butter"", ""source_measure"": ""3 tbs""}, {""canonical_name"": ""olive oil"", ""category"": ""Oil"", ""quantity"": 0.5, ""unit"": ""cup"", ""optional"": false, ""source_name"": ""Olive Oil"", ""source_measure"": ""1/2 cup""}, {""canonical_name"": ""onion"", ""category"": ""Vegetables"", ""quantity"": 1.0, ""unit"": ""chopped"", ""optional"": false, ""source_name"": ""Onion"", ""source_measure"": ""1 chopped""}, {""canonical_name"": ""garlic"", ""category"": ""Vegetables"", ""quantity"": 4.0, ""unit"": ""cloves"", ""optional"": false, ""source_name"": ""Garlic"", ""source_measure"": ""4 cloves""}]","[{""step_number"": 1, ""instruction"": ""Combine beef, crushed peppercorn, soy sauce, vinegar, dried bay leaves, lemon, and tomato sauce. Mix well. Marinate beef for at least 30 minutes.""}, {""step_number"": 2, ""instruction"": ""Put the marinated beef in a cooking pot along with remaining marinade. Add water. Let boil.""}, {""step_number"": 3, ""instruction"": ""Add Knorr Beef Cube. Stir. Cover the pot and cook for 40 minutes in low heat.""}, {""step_number"": 4, ""instruction"": ""Turn the beef over. Add tomato paste. Continue cooking until beef tenderizes. Set aside.""}, {""step_number"": 5, ""instruction"": ""Heat oil in a pan. Fry the potato until it browns. Turn over and continue frying the opposite side. Remove from the pan and place on a clean plate. Do the same with the carrots.""}, {""step_number"": 6, ""instruction"": ""Save 3 tablespoons of cooking oil from the pan where the potato was fried. Saute onion and garlic until onion softens.""}, {""step_number"": 7, ""instruction"": ""Pour-in the sauce from the beef stew. Let boil. Add the beef. Cook for 2 minutes.""}, {""step_number"": 8, ""instruction"": ""Add butter and let it melt. Continue cooking until the sauce reduces to half.""}]",https://panlasangpinoy.com/beef-asado/,https://www.youtube.com/watch?v=lNlK8DVhXXA,2026-10-02T09:17:34.157519+00:00,"Source omits servings, prep/cook times and difficulty; blanks import as SQL NULL. Description generated from source category/cuisine. Ingredient categories and balance groups assigned locally.",TheMealDB (https://www.themealdb.com); API terms: https://www.themealdb.com/terms_of_use.php,,
52998,Beef,Irish,beef,Corned Beef and Cabbage,Irish beef recipe from TheMealDB.,,,,,https://www.themealdb.com/images/media/meals/xb97a81583266727.jpg,https://www.themealdb.com/meal/52998,"[""beef"", ""irish"", ""ingredient:beef"", ""cheap""]","[{""canonical_name"": ""beef brisket"", ""category"": ""Protein"", ""quantity"": 3.0, ""unit"": ""lb"", ""optional"": false, ""source_name"": ""Beef Brisket"", ""source_measure"": ""3 Lbs""}, {""canonical_name"": ""small potatoes"", ""category"": ""Other"", ""quantity"": 10.0, ""unit"": null, ""optional"": false, ""source_name"": ""Small Potatoes"", ""source_measure"": ""10""}, {""canonical_name"": ""carrot"", ""category"": ""Vegetables"", ""quantity"": 5.0, ""unit"": null, ""optional"": false, ""source_name"": ""Carrots"", ""source_measure"": ""5""}, {""canonical_name"": ""cabbage"", ""category"": ""Vegetables"", ""quantity"": 1.0, ""unit"": ""head"", ""optional"": false, ""source_name"": ""Cabbage"", ""source_measure"": ""1 head""}]","[{""step_number"": 1, ""instruction"": ""Place corned beef in large pot or Dutch oven and cover with water. Add the spice packet that came with the corned beef. Cover pot and bring to a boil, then reduce to a simmer. Simmer approximately 50 minutes per pound or until tender.""}, {""step_number"": 2, ""instruction"": ""Add whole potatoes and peeled and cut carrots, and cook until the vegetables are almost tender. Add cabbage and cook for 15 more minutes. Remove meat and let rest 15 minutes.""}, {""step_number"": 3, ""instruction"": ""Place vegetables in a bowl and cover. Add as much broth (cooking liquid reserved in the Dutch oven or large pot) as you want. Slice meat across the grain.""}]",,,2026-10-02T09:17:34.157519+00:00,"Source omits servings, prep/cook times and difficulty; blanks import as SQL NULL. Description generated from source category/cuisine. Ingredient categories and balance groups assigned locally.",TheMealDB (https://www.themealdb.com); API terms: https://www.themealdb.com/terms_of_use.php,,
52947,Beef,Chinese,beef,Ma Po Tofu,Chinese beef recipe from TheMealDB.,,,,,https://www.themealdb.com/images/media/meals/1525874812.jpg,https://www.themealdb.com/meal/52947,"[""beef"", ""chinese"", ""ingredient:beef""]","[{""canonical_name"": ""tofu"", ""category"": ""Legumes"", ""quantity"": 450.0, ""unit"": ""g"", ""optional"": false, ""source_name"": ""Tofu"", ""source_measure"": ""450g""}, {""canonical_name"": ""minced beef"", ""category"": ""Protein"", ""quantity"": 100.0, ""unit"": ""g"", ""optional"": false, ""source_name"": ""Minced Beef"", ""source_measure"": ""100g""}, {""canonical_name"": ""sesame seed oil"", ""category"": ""Oil"", ""quantity"": 0.5, ""unit"": ""tbsp"", ""optional"": false, ""source_name"": ""Sesame Seed Oil"", ""source_measure"": ""1/2 tbs""}, {""canonical_name"": ""doubanjiang"", ""category"": ""Other"", ""quantity"": 1.5, ""unit"": ""tsp"", ""optional"": false, ""source_name"": ""Doubanjiang"", ""source_measure"": ""1 1/2 tsp""}, {""canonical_name"": ""fermented black beans"", ""category"": ""Legumes"", ""quantity"": 0.5, ""unit"": ""tsp"", ""optional"": false, ""source_name"": ""Fermented Black Beans"", ""source_measure"": ""1/2 tsp""}, {""canonical_name"": ""pepper"", ""category"": ""Vegetables"", ""quantity"": 1.0, ""unit"": ""tbsp"", ""optional"": false, ""source_name"": ""Pepper"", ""source_measure"": ""1 tbs""}, {""canonical_name"": ""salt"", ""category"": ""Seasoning"", ""quantity"": 0.5, ""unit"": ""tsp"", ""optional"": false, ""source_name"": ""Salt"", ""source_measure"": ""1/2 tsp""}, {""canonical_name"": ""sichuan pepper"", ""category"": ""Vegetables"", ""quantity"": 0.5, ""unit"": ""tsp"", ""optional"": false, ""source_name"": ""Sichuan pepper"", ""source_measure"": ""1/2 tsp""}, {""canonical_name"": ""soy sauce"", ""category"": ""Condiments"", ""quantity"": 1.0, ""unit"": ""tbsp"", ""optional"": false, ""source_name"": ""Soy Sauce"", ""source_measure"": ""1 tbs""}, {""canonical_name"": ""water"", ""category"": ""Other"", ""quantity"": null, ""unit"": null, ""optional"": false, ""source_name"": ""Water / Water"", ""source_measure"": ""400ml / 2 1/2 tbs""}, {""canonical_name"": ""olive oil"", ""category"": ""Oil"", ""quantity"": 2.0, ""unit"": ""tbsp"", ""optional"": false, ""source_name"": ""Olive Oil"", ""source_measure"": ""2 tbs""}, {""canonical_name"": ""green onion"", ""category"": ""Vegetables"", ""quantity"": null, ""unit"": null, ""optional"": false, ""source_name"": ""Scallions / Spring Onions"", ""source_measure"": ""2 chopped / 4""}, {""canonical_name"": ""garlic"", ""category"": ""Vegetables"", ""quantity"": null, ""unit"": null, ""optional"": false, ""source_name"": ""Garlic"", ""source_measure"": ""2 cloves chopped""}, {""canonical_name"": ""ginger"", ""category"": ""Seasoning"", ""quantity"": 4.0, ""unit"": ""sliced"", ""optional"": false, ""source_name"": ""Ginger"", ""source_measure"": ""4 sliced""}, {""canonical_name"": ""cornstarch"", ""category"": ""Other"", ""quantity"": 1.0, ""unit"": ""tbsp"", ""optional"": false, ""source_name"": ""Cornstarch"", ""source_measure"": ""1 tbs""}]","[{""step_number"": 1, ""instruction"": ""Add a small pinch of salt and sesame oil to minced beef. Mix well and set aside.""}, {""step_number"": 2, ""instruction"": ""Mix 1 tablespoon of cornstarch with 2 and ½ tablespoons of water in a small bowl to make water starch.""}, {""step_number"": 3, ""instruction"": ""Cut tofu into square cubes (around 2cms). Bring a large amount of water to a boil and then add a pinch of salt. Slide the tofu in and cook for 1 minute. Move out and drain.""}, {""step_number"": 4, ""instruction"": ""Get a wok and heat up around 2 tablespoons of oil, fry the minced meat until crispy. Transfer out beef out and leave the oil in.""}, {""step_number"": 5, ""instruction"": ""Fry doubanjiang for 1 minute over slow fire and then add garlic, scallion white, ginger and fermented black beans to cook for 30 seconds until aroma. Then mix pepper flakes in.""}, {""step_number"": 6, ""instruction"": ""Add water to the seasonings and bring to boil over high fire. Gently slide the tofu cubes. Add light soy sauce and beef.Slow the heat after boiling and then simmer for 6-8 minutes. Then add chopped garlic greens.""}, {""step_number"": 7, ""instruction"": ""Stir the water starch and then pour half of the mixture to the simmering pot. Wait for around 30 seconds and then pour the other half. You can slightly taste the tofu and add pinch of salt if not salty enough. By the way, if you feel it is too spicy, add some sugar can milder the taste. But be carefully as the broth is very hot at this point.""}, {""step_number"": 8, ""instruction"": ""Transfer out when almost all the seasonings stick to tofu cubes. Sprinkle Szechuan peppercorn powder (to taste)and chopped garlic greens if using.""}, {""step_number"": 9, ""instruction"": ""Serve immediately with steamed rice.""}]",https://www.chinasichuanfood.com/mapo-tofu-recipe/,https://www.youtube.com/watch?v=IhwPQL9dFYc,2026-10-02T09:17:34.157519+00:00,"Source omits servings, prep/cook times and difficulty; blanks import as SQL NULL. Description generated from source category/cuisine. Ingredient categories and balance groups assigned locally.",TheMealDB (https://www.themealdb.com); API terms: https://www.themealdb.com/terms_of_use.php,,
52827,Beef,Thai,beef,Massaman Beef curry,Thai beef recipe from TheMealDB.,,,,,https://www.themealdb.com/images/media/meals/tvttqv1504640475.jpg,https://www.themealdb.com/meal/52827,"[""beef"", ""thai"", ""ingredient:beef"", ""curry""]","[{""canonical_name"": ""peanuts"", ""category"": ""Other"", ""quantity"": 85.0, ""unit"": ""g"", ""optional"": false, ""source_name"": ""Peanuts"", ""source_measure"": ""85g""}, {""canonical_name"": ""coconut cream"", ""category"": ""Other"", ""quantity"": null, ""unit"": null, ""optional"": false, ""source_name"": ""Coconut cream"", ""source_measure"": ""400ml can""}, {""canonical_name"": ""massaman curry paste"", ""category"": ""Condiments"", ""quantity"": 4.0, ""unit"": ""tbsp"", ""optional"": false, ""source_name"": ""Massaman curry paste"", ""source_measure"": ""4 tbsp""}, {""canonical_name"": ""beef"", ""category"": ""Protein"", ""quantity"": null, ""unit"": null, ""optional"": false, ""source_name"": ""Beef"", ""source_measure"": ""600g stewing cut into strips""}, {""canonical_name"": ""potato"", ""category"": ""Vegetables"", ""quantity"": null, ""unit"": null, ""optional"": false, ""source_name"": ""Potatoes"", ""source_measure"": ""450g waxy""}, {""canonical_name"": ""onion"", ""category"": ""Vegetables"", ""quantity"": null, ""unit"": null, ""optional"": false, ""source_name"": ""Onion"", ""source_measure"": ""1 cut thin wedges""}, {""canonical_name"": ""lime"", ""category"": ""Fruit"", ""quantity"": 4.0, ""unit"": ""leaves"", ""optional"": false, ""source_name"": ""Lime"", ""source_measure"": ""4 leaves""}, {""canonical_name"": ""cinnamon stick"", ""category"": ""Seasoning"", ""quantity"": 1.0, ""unit"": null, ""optional"": false, ""source_name"": ""Cinnamon stick"", ""source_measure"": ""1""}, {""canonical_name"": ""tamarind paste"", ""category"": ""Condiments"", ""quantity"": 1.0, ""unit"": ""tbsp"", ""optional"": false, ""source_name"": ""Tamarind paste"", ""source_measure"": ""1 tbsp""}, {""canonical_name"": ""brown sugar"", ""category"": ""Seasoning"", ""quantity"": null, ""unit"": null, ""optional"": false, ""source_name"": ""Brown sugar"", ""source_measure"": ""1 tbsp palm or soft light""}, {""canonical_name"": ""fish sauce"", ""category"": ""Protein"", ""quantity"": 1.0, ""unit"": ""tbsp"", ""optional"": false, ""source_name"": ""Fish Sauce"", ""source_measure"": ""1 tbsp""}, {""canonical_name"": ""chilli"", ""category"": ""Seasoning"", ""quantity"": null, ""unit"": null, ""optional"": false, ""source_name"": ""chilli"", ""source_measure"": ""1 red deseeded and finely sliced, to serve""}, {""canonical_name"": ""jasmine rice"", ""category"": ""Grains"", ""quantity"": null, ""unit"": null, ""optional"": false, ""source_name"": ""Jasmine Rice"", ""source_measure"": ""to serve""}]","[{""step_number"": 1, ""instruction"": ""Heat oven to 200C/180C fan/gas 6, then roast the peanuts on a baking tray for 5 mins until golden brown. When cool enough to handle, roughly chop. Reduce oven to 180C/160C fan/gas 4.""}, {""step_number"": 2, ""instruction"": ""Heat 2 tbsp coconut cream in a large casserole dish with a lid. Add the curry paste and fry for 1 min, then stir in the beef and fry until well coated and sealed. Stir in the rest of the coconut with half a can of water, the potatoes, onion, lime leaves, cinnamon, tamarind, sugar, fish sauce and most of the peanuts. Bring to a simmer, then cover and cook for 2 hrs in the oven until the beef is tender.""}, {""step_number"": 3, ""instruction"": ""Sprinkle with sliced chilli and the remaining peanuts, then serve straight from the dish with jasmine rice.""}]",https://www.bbcgoodfood.com/recipes/420631/beef-massaman-curry,https://www.youtube.com/watch?v=mVxgZSCU9_g,2026-10-02T09:17:34.157519+00:00,"Source omits servings, prep/cook times and difficulty; blanks import as SQL NULL. Description generated from source category/cuisine. Ingredient categories and balance groups assigned locally.",TheMealDB (https://www.themealdb.com); API terms: https://www.themealdb.com/terms_of_use.php,,
53109,Beef,Australian,beef,Mini chilli beef pies,Australian beef recipe from TheMealDB.,,,,,https://www.themealdb.com/images/media/meals/6sarfo1762340107.jpg,https://www.themealdb.com/meal/53109,"[""beef"", ""australian"", ""ingredient:beef""]","[{""canonical_name"": ""ready rolled shortcrust pastry"", ""category"": ""Other"", ""quantity"": 450.0, ""unit"": ""g"", ""optional"": false, ""source_name"": ""Ready rolled shortcrust pastry"", ""source_measure"": ""450g""}, {""canonical_name"": ""sunflower oil"", ""category"": ""Oil"", ""quantity"": 1.0, ""unit"": ""tbsp"", ""optional"": false, ""source_name"": ""Sunflower Oil"", ""source_measure"": ""1 tablespoon""}, {""canonical_name"": ""onion"", ""category"": ""Vegetables"", ""quantity"": 1.0, ""unit"": ""small"", ""optional"": false, ""source_name"": ""Onion"", ""source_measure"": ""1 small""}, {""canonical_name"": ""hot chilli powder"", ""category"": ""Seasoning"", ""quantity"": 2.0, ""unit"": ""tsp"", ""optional"": false, ""source_name"": ""Hot Chilli Powder"", ""source_measure"": ""2 tsp""}, {""canonical_name"": ""ground cumin"", ""category"": ""Seasoning"", ""quantity"": 2.0, ""unit"": ""tsp"", ""optional"": false, ""source_name"": ""Ground Cumin"", ""source_measure"": ""2 tsp""}, {""canonical_name"": ""minced beef"", ""category"": ""Protein"", ""quantity"": 250.0, ""unit"": ""g"", ""optional"": false, ""source_name"": ""Minced Beef"", ""source_measure"": ""250g""}, {""canonical_name"": ""tomato puree"", ""category"": ""Other"", ""quantity"": 85.0, ""unit"": ""g"", ""optional"": false, ""source_name"": ""Tomato Puree"", ""source_measure"": ""85g""}, {""canonical_name"": ""beef stock"", ""category"": ""Protein"", ""quantity"": 150.0, ""unit"": ""ml"", ""optional"": false, ""source_name"": ""Beef Stock"", ""source_measure"": ""150ml""}, {""canonical_name"": ""ground cinnamon"", ""category"": ""Seasoning"", ""quantity"": null, ""unit"": null, ""optional"": false, ""source_name"": ""Ground Cinnamon"", ""source_measure"": ""Pinch""}, {""canonical_name"": ""kidney bean"", ""category"": ""Legumes"", ""quantity"": 200.0, ""unit"": ""g"", ""optional"": false, ""source_name"": ""Kidney Beans"", ""source_measure"": ""200g""}, {""canonical_name"": ""potato"", ""category"": ""Vegetables"", ""quantity"": 1.0, ""unit"": ""large"", ""optional"": false, ""source_name"": ""Potatoes"", ""source_measure"": ""1 large""}, {""canonical_name"": ""sour cream"", ""category"": ""Dairy"", ""quantity"": 3.0, ""unit"": ""tbsp"", ""optional"": false, ""source_name"": ""Sour Cream"", ""source_measure"": ""3  tablespoons""}, {""canonical_name"": ""chopped chive"", ""category"": ""Other"", ""quantity"": 2.0, ""unit"": ""tbsp"", ""optional"": false, ""source_name"": ""Chopped Chive"", ""source_measure"": ""2 tablespoons""}]","[{""step_number"": 1, ""instruction"": ""To make chilli, heat oil in a pan and fry onion for 5 mins until soft. Add spices; fry for 1 min. Stir in beef and cook for a few mins. Add tomato purée, stock and cinnamon. Give it a stir, bring to the boil, then simmer for 15-20 mins until very little liquid is left. Add beans 5 mins before the end of cooking. Check seasoning and cool.""}, {""step_number"": 2, ""instruction"": ""Heat oven to 200C/fan 180C/gas 6. Using a 7cm pastry cutter, stamp out 12 circles from the pastry. Use to line a 12-hole mini muffin tray, prick the base of the pastry with a fork, and bake for 10 mins. Remove from oven and cool on a wire tray. Repeat with remaining pastry.""}, {""step_number"": 3, ""instruction"": ""Meanwhile, cook the potato in boiling water until tender. Drain, mash with soured cream and seasoning, then stir through chives. Spoon 1-2 tsp of chilli mix into the pastry cases and top with a tsp of mash. Ruffle mash with a fork; return to the oven for 15 mins or until golden.""}]",https://www.bbcgoodfood.com/recipes/mini-chilli-beef-pies,https://www.youtube.com/watch?v=PHuU1L92-Ns,2026-10-02T09:17:34.157519+00:00,"Source omits servings, prep/cook times and difficulty; blanks import as SQL NULL. Description generated from source category/cuisine. Ingredient categories and balance groups assigned locally.",TheMealDB (https://www.themealdb.com); API terms: https://www.themealdb.com/terms_of_use.php,,
52930,Beef,Canadian,beef,Pate Chinois,Canadian beef recipe from TheMealDB.,,,,,https://www.themealdb.com/images/media/meals/yyrrxr1511816289.jpg,https://www.themealdb.com/meal/52930,"[""beef"", ""canadian"", ""ingredient:beef"", ""mainmeal"", ""alcoholic""]","[{""canonical_name"": ""potato"", ""category"": ""Vegetables"", ""quantity"": 4.0, ""unit"": ""cup"", ""optional"": false, ""source_name"": ""Potatoes"", ""source_measure"": ""4 cups""}, {""canonical_name"": ""butter"", ""category"": ""Dairy"", ""quantity"": 60.0, ""unit"": ""ml"", ""optional"": false, ""source_name"": ""Butter"", ""source_measure"": ""60ml""}, {""canonical_name"": ""milk"", ""category"": ""Dairy"", ""quantity"": 0.5, ""unit"": ""cup"", ""optional"": false, ""source_name"": ""Milk"", ""source_measure"": ""½ cup""}, {""canonical_name"": ""minced beef"", ""category"": ""Protein"", ""quantity"": 450.0, ""unit"": ""g"", ""optional"": false, ""source_name"": ""Minced Beef"", ""source_measure"": ""450g""}, {""canonical_name"": ""onion"", ""category"": ""Vegetables"", ""quantity"": null, ""unit"": null, ""optional"": false, ""source_name"": ""Onion"", ""source_measure"": ""1 finely chopped""}, {""canonical_name"": ""creamed corn"", ""category"": ""Dairy"", ""quantity"": 500.0, ""unit"": ""ml"", ""optional"": false, ""source_name"": ""Creamed Corn"", ""source_measure"": ""500ml""}, {""canonical_name"": ""paprika"", ""category"": ""Seasoning"", ""quantity"": null, ""unit"": null, ""optional"": false, ""source_name"": ""Paprika"", ""source_measure"": ""to taste""}, {""canonical_name"": ""parsley"", ""category"": ""Other"", ""quantity"": null, ""unit"": null, ""optional"": false, ""source_name"": ""Parsley"", ""source_measure"": ""to taste""}, {""canonical_name"": ""salt"", ""category"": ""Seasoning"", ""quantity"": null, ""unit"": null, ""optional"": false, ""source_name"": ""Salt"", ""source_measure"": ""Dash""}, {""canonical_name"": ""pepper"", ""category"": ""Vegetables"", ""quantity"": null, ""unit"": null, ""optional"": false, ""source_name"": ""Pepper"", ""source_measure"": ""Dash""}]","[{""step_number"": 1, ""instruction"": ""In a large pot of salted water, cook the potatoes until they are very tender. Drain.""}, {""step_number"": 2, ""instruction"": ""With a masher, coarsely crush the potatoes with at least 30 ml (2 tablespoons) of butter. With an electric mixer, purée with the milk. Season with salt and pepper. Set aside.""}, {""step_number"": 3, ""instruction"": ""With the rack in the middle position, preheat the oven to 190 °C (375 °F).""}, {""step_number"": 4, ""instruction"": ""In a large skillet, brown the onion in the remaining butter. Add the meat and cook until golden brown. Season with salt and pepper. Remove from the heat.""}, {""step_number"": 5, ""instruction"": ""Lightly press the meat at the bottom of a 20-cm (8-inch) square baking dish. Cover with the corn and the mashed potatoes. Sprinkle with paprika and parsley.""}, {""step_number"": 6, ""instruction"": ""Bake for about 30 minutes. Finish cooking under the broiler. Let cool for 10 minutes.""}]",https://www.ricardocuisine.com/en/recipes/5541-pate-chinois-shepherd--s-pie-,https://www.youtube.com/watch?v=QRFqnLkEv3I,2026-10-02T09:17:34.157519+00:00,"Source omits servings, prep/cook times and difficulty; blanks import as SQL NULL. Description generated from source category/cuisine. Ingredient categories and balance groups assigned locally.",TheMealDB (https://www.themealdb.com); API terms: https://www.themealdb.com/terms_of_use.php,,
53042,Beef,Portuguese,beef,Portuguese prego with green piri-piri,Portuguese beef recipe from TheMealDB.,,,,,https://www.themealdb.com/images/media/meals/ewcikl1614348364.jpg,https://www.themealdb.com/meal/53042,"[""beef"", ""portuguese"", ""ingredient:beef""]","[{""canonical_name"": ""garlic"", ""category"": ""Vegetables"", ""quantity"": null, ""unit"": null, ""optional"": false, ""source_name"": ""Garlic / Garlic"", ""source_measure"": ""1 clove / 1/2""}, {""canonical_name"": ""beef fillet"", ""category"": ""Protein"", ""quantity"": 2.0, ""unit"": ""small"", ""optional"": false, ""source_name"": ""Beef Fillet"", ""source_measure"": ""2 small""}, {""canonical_name"": ""olive oil"", ""category"": ""Oil"", ""quantity"": 2.0, ""unit"": ""tbsp"", ""optional"": false, ""source_name"": ""Olive Oil"", ""source_measure"": ""2 tbs""}, {""canonical_name"": ""vinegar"", ""category"": ""Condiments"", ""quantity"": 2.0, ""unit"": ""tbsp"", ""optional"": false, ""source_name"": ""Vinegar / Vinegar"", ""source_measure"": ""1 tbs / 1 tbs""}, {""canonical_name"": ""parsley"", ""category"": ""Other"", ""quantity"": null, ""unit"": null, ""optional"": false, ""source_name"": ""Parsley / Parsley"", ""source_measure"": ""Leaves / Small bunch""}, {""canonical_name"": ""ciabatta"", ""category"": ""Other"", ""quantity"": 2.0, ""unit"": null, ""optional"": false, ""source_name"": ""Ciabatta"", ""source_measure"": ""2""}, {""canonical_name"": ""rocket"", ""category"": ""Other"", ""quantity"": 2.0, ""unit"": ""handfulls"", ""optional"": false, ""source_name"": ""Rocket"", ""source_measure"": ""2 handfulls""}, {""canonical_name"": ""basil leaves"", ""category"": ""Seasoning"", ""quantity"": null, ""unit"": null, ""optional"": false, ""source_name"": ""Basil Leaves"", ""source_measure"": ""Small bunch""}, {""canonical_name"": ""jalapeno"", ""category"": ""Other"", ""quantity"": 1.0, ""unit"": null, ""optional"": false, ""source_name"": ""Jalapeno"", ""source_measure"": ""1""}, {""canonical_name"": ""green onion"", ""category"": ""Vegetables"", ""quantity"": 2.0, ""unit"": ""chopped"", ""optional"": false, ""source_name"": ""Spring Onions"", ""source_measure"": ""2 chopped""}, {""canonical_name"": ""caster sugar"", ""category"": ""Seasoning"", ""quantity"": 0.5, ""unit"": ""tsp"", ""optional"": false, ""source_name"": ""Caster Sugar"", ""source_measure"": ""1/2 tsp""}]","[{""step_number"": 1, ""instruction"": ""Rub the garlic over the steaks then put in a sandwich bag and tip in the olive oil, sherry vinegar and parsley stalks. Smoosh everything together, then use a rolling pin to bash the steaks a few times. Leave for 1-2 hours.""}, {""step_number"": 2, ""instruction"": ""To make the sauce, put all the ingredients into a blender with 1 tbsp water and whizz until as smooth as possible. This will make more than you’ll need for the recipe but will keep for a week in an airtight jar.""}, {""step_number"": 3, ""instruction"": ""Heat a griddle or frying pan to high. Brush away the garlic and parsley stalks from the steaks and season well. Sear the steaks for 2 minutes on each side then rest on a plate. Put the ciabatta halves onto the plate, toasted-side down, to soak up any juices.""}, {""step_number"": 4, ""instruction"": ""Slice the steaks then stuff into the rolls with the green sauce and rocket.""}]",https://www.olivemagazine.com/recipes/meat-and-poultry/portuguese-prego-with-green-piri-piri/,https://www.youtube.com/watch?v=FbIKfcDEPLA,2026-10-02T09:17:34.157519+00:00,"Source omits servings, prep/cook times and difficulty; blanks import as SQL NULL. Description generated from source category/cuisine. Ingredient categories and balance groups assigned locally.",TheMealDB (https://www.themealdb.com); API terms: https://www.themealdb.com/terms_of_use.php,,
53489,Beef,,beef,Potato Moussaka Recipe,International beef recipe from TheMealDB.,,,,,https://www.themealdb.com/images/media/meals/08ez421782683409.jpg,https://www.themealdb.com/meal/53489,"[""beef"", ""unknown"", ""ingredient:beef""]","[{""canonical_name"": ""vegetable oil"", ""category"": ""Oil"", ""quantity"": 1.0, ""unit"": ""tbsp"", ""optional"": false, ""source_name"": ""Vegetable Oil"", ""source_measure"": ""1 tablespoon""}, {""canonical_name"": ""ground beef"", ""category"": ""Protein"", ""quantity"": 1.0, ""unit"": ""lb"", ""optional"": false, ""source_name"": ""Ground Beef"", ""source_measure"": ""1 lb""}, {""canonical_name"": ""onion"", ""category"": ""Vegetables"", ""quantity"": 0.33, ""unit"": ""cup"", ""optional"": false, ""source_name"": ""Onion"", ""source_measure"": ""1/3 cup""}, {""canonical_name"": ""garlic"", ""category"": ""Vegetables"", ""quantity"": null, ""unit"": null, ""optional"": false, ""source_name"": ""Garlic"", ""source_measure"": ""1 clove peeled crushed""}, {""canonical_name"": ""tomato sauce"", ""category"": ""Condiments"", ""quantity"": 0.25, ""unit"": ""cup"", ""optional"": false, ""source_name"": ""Tomato Sauce"", ""source_measure"": ""1/4 cup""}, {""canonical_name"": ""tomato puree"", ""category"": ""Other"", ""quantity"": 2.0, ""unit"": ""tbsp"", ""optional"": false, ""source_name"": ""Tomato Puree"", ""source_measure"": ""2 tablespoons""}, {""canonical_name"": ""salt"", ""category"": ""Seasoning"", ""quantity"": 1.5, ""unit"": ""tsp"", ""optional"": false, ""source_name"": ""Salt / Salt"", ""source_measure"": ""1 tsp / 1/2 tsp""}, {""canonical_name"": ""black pepper"", ""category"": ""Vegetables"", ""quantity"": 0.25, ""unit"": ""tsp"", ""optional"": false, ""source_name"": ""Black Pepper"", ""source_measure"": ""1/4 tsp""}, {""canonical_name"": ""summer savoury"", ""category"": ""Other"", ""quantity"": 1.0, ""unit"": ""tsp"", ""optional"": false, ""source_name"": ""Summer Savoury"", ""source_measure"": ""1 tsp""}, {""canonical_name"": ""water"", ""category"": ""Other"", ""quantity"": 2.0, ""unit"": ""cup"", ""optional"": false, ""source_name"": ""Water"", ""source_measure"": ""2 cups""}, {""canonical_name"": ""potato"", ""category"": ""Vegetables"", ""quantity"": 2.0, ""unit"": ""lb"", ""optional"": false, ""source_name"": ""Potatoes"", ""source_measure"": ""2 Lbs""}, {""canonical_name"": ""carrot"", ""category"": ""Vegetables"", ""quantity"": 0.25, ""unit"": ""cup"", ""optional"": false, ""source_name"": ""Carrots"", ""source_measure"": ""1/4 cup""}, {""canonical_name"": ""milk"", ""category"": ""Dairy"", ""quantity"": 2.0, ""unit"": ""cup"", ""optional"": false, ""source_name"": ""Milk"", ""source_measure"": ""2 cups""}, {""canonical_name"": ""dried mint"", ""category"": ""Other"", ""quantity"": 0.5, ""unit"": ""tsp"", ""optional"": false, ""source_name"": ""Dried Mint"", ""source_measure"": ""1/2 tsp""}, {""canonical_name"": ""butter"", ""category"": ""Dairy"", ""quantity"": 6.0, ""unit"": ""tbsp"", ""optional"": false, ""source_name"": ""Butter"", ""source_measure"": ""6 tablespoons""}, {""canonical_name"": ""flour"", ""category"": ""Grains"", ""quantity"": 0.5, ""unit"": ""cup"", ""optional"": false, ""source_name"": ""Flour"", ""source_measure"": ""1/2 cup""}, {""canonical_name"": ""egg yolk"", ""category"": ""Protein"", ""quantity"": 3.0, ""unit"": null, ""optional"": false, ""source_name"": ""Egg Yolks"", ""source_measure"": ""3""}, {""canonical_name"": ""feta"", ""category"": ""Dairy"", ""quantity"": 0.5, ""unit"": ""cup"", ""optional"": false, ""source_name"": ""Feta"", ""source_measure"": ""1/2 cup""}, {""canonical_name"": ""ground nutmeg"", ""category"": ""Other"", ""quantity"": 0.25, ""unit"": ""tsp"", ""optional"": false, ""source_name"": ""Ground Nutmeg"", ""source_measure"": ""1/4 tsp""}]","[{""step_number"": 1, ""instruction"": ""Preheat oven to 350 F.""}, {""step_number"": 2, ""instruction"": ""Heat oil in a skillet. Add the ground meat and cook, breaking it down with a wooden spoon for 6-7 minutes, until browned. Add onion and garlic. Add carrots (optional).Add salt, black pepper, dried mint, summer savory, thyme (optional), tomato sauce and tomato paste. Cook for 2-3 minutes, stirring frequently.""}, {""step_number"": 3, ""instruction"": ""Grease a 9×9 or 9×13 baking dish with oil.""}, {""step_number"": 4, ""instruction"": ""Add in the drained potatoes and meat mixture. Stir to evenly distribute the meat into the potatoes.""}, {""step_number"": 5, ""instruction"": ""Add cold water to the baking dish, so it just covers the top of the potatoes.""}, {""step_number"": 6, ""instruction"": ""Bake for 40-50 minutes, until the water is absorbed by the potatoes and they are fully cooked.""}, {""step_number"": 7, ""instruction"": ""In the mean time prepare the Bechamel sauce (or the Bulgarian Style Topping).""}, {""step_number"": 8, ""instruction"": ""For the Bechamel:""}, {""step_number"": 9, ""instruction"": ""In a bowl, swish egg yolks. Set aside.""}, {""step_number"": 10, ""instruction"": ""Melt butter in a saucepan. add flour. Cook for 3 minutes on medium heat, stirring frequently.""}, {""step_number"": 11, ""instruction"": ""Slowly add the milk, whisking to incorporate. Add salt and nutmeg. Cook for 3 minutes, until thickened. Let the mixture cool for 5 minutes. Add in the egg yolks (with feta). Let the sauce stand at room temperature, while the potatoes and meat are cooking.""}, {""step_number"": 12, ""instruction"": ""Pour the sauce over the cooked potatoes. Top with cheese. Bake for 15 minutes, until golden. You can broil for 1-2 minutes, if the top is not getting to the desired golden color.""}, {""step_number"": 13, ""instruction"": ""For the Bulgarian Moussaka topping:""}, {""step_number"": 14, ""instruction"": ""In a bowl beat together eggs, yogurt, milk, flour, then add salt and baking soda.""}, {""step_number"": 15, ""instruction"": ""Pour over the moussaka . Top with cheese. Bake for 10-15 minutes, until golden.""}]",https://cookinglsl.com/potato-moussaka-recipe-bulgarian/#wprm-recipe-container-38787,,2026-10-02T09:17:34.157519+00:00,"Source omits servings, prep/cook times and difficulty; blanks import as SQL NULL. Description generated from source category/cuisine. Ingredient categories and balance groups assigned locally.",TheMealDB (https://www.themealdb.com); API terms: https://www.themealdb.com/terms_of_use.php,,
53511,Beef,,beef,Salt Beef and Beans,International beef recipe from TheMealDB.,,,,,https://www.themealdb.com/images/media/meals/dnd87q1782775269.jpg,https://www.themealdb.com/meal/53511,"[""beef"", ""unknown"", ""ingredient:beef""]","[{""canonical_name"": ""corned beef"", ""category"": ""Protein"", ""quantity"": 1.0, ""unit"": ""lb"", ""optional"": false, ""source_name"": ""Corned Beef"", ""source_measure"": ""1 lb""}, {""canonical_name"": ""kidney bean"", ""category"": ""Legumes"", ""quantity"": 1.5, ""unit"": ""cup"", ""optional"": false, ""source_name"": ""Kidney Beans"", ""source_measure"": ""1 1/2 cup""}, {""canonical_name"": ""scotch bonnet"", ""category"": ""Other"", ""quantity"": 1.0, ""unit"": null, ""optional"": false, ""source_name"": ""Scotch Bonnet"", ""source_measure"": ""1""}, {""canonical_name"": ""green onion"", ""category"": ""Vegetables"", ""quantity"": 2.0, ""unit"": null, ""optional"": false, ""source_name"": ""Scallions"", ""source_measure"": ""2""}, {""canonical_name"": ""thyme"", ""category"": ""Seasoning"", ""quantity"": 0.25, ""unit"": ""tsp"", ""optional"": false, ""source_name"": ""Thyme"", ""source_measure"": ""1/4 tsp""}, {""canonical_name"": ""garlic"", ""category"": ""Vegetables"", ""quantity"": null, ""unit"": null, ""optional"": false, ""source_name"": ""Garlic / Garlic"", ""source_measure"": ""1 clove finely chopped / 2 cloves""}, {""canonical_name"": ""water"", ""category"": ""Other"", ""quantity"": 2.0, ""unit"": ""cup"", ""optional"": false, ""source_name"": ""Water"", ""source_measure"": ""2 cups""}, {""canonical_name"": ""coconut milk"", ""category"": ""Other"", ""quantity"": 3.0, ""unit"": ""cup"", ""optional"": false, ""source_name"": ""Coconut Milk"", ""source_measure"": ""3 Cups""}, {""canonical_name"": ""bay leaf"", ""category"": ""Other"", ""quantity"": 2.0, ""unit"": null, ""optional"": false, ""source_name"": ""Bay Leaf"", ""source_measure"": ""2""}, {""canonical_name"": ""allspice"", ""category"": ""Seasoning"", ""quantity"": 6.0, ""unit"": null, ""optional"": false, ""source_name"": ""Allspice"", ""source_measure"": ""6""}]","[{""step_number"": 1, ""instruction"": ""Cover the diced salt beef with water and bring to a boil. Repeat as necessary, draining and replacing water to eliminate some of the brine. In a separate pan, place beans in water, add coconut milk, bay leaves, pimento seeds, whole garlic, whole scotch bonnet pepper and scallions. Slowly bring to a boil and simmer for about 2 hours, or until beans are tender. Add salt beef, onions, thyme and crushed garlic and simmer for another 20 minutes. Adjust seasonings if necessary. Remove the bay leaves and scotch bonnet pepper, being careful not to burst the pepper. Serve with white rice and your choice of salad or vegetables.""}]",https://www.ourcayman.ky/en-us/about/more-about-cayman/recipes,,2026-10-02T09:17:34.157519+00:00,"Source omits servings, prep/cook times and difficulty; blanks import as SQL NULL. Description generated from source category/cuisine. Ingredient categories and balance groups assigned locally.",TheMealDB (https://www.themealdb.com); API terms: https://www.themealdb.com/terms_of_use.php,,
53076,Breakfast,India,egg,Bread omelette,India breakfast recipe from TheMealDB.,,,,,https://www.themealdb.com/images/media/meals/hqaejl1695738653.jpg,https://www.themealdb.com/meal/53076,"[""breakfast"", ""india"", ""ingredient:egg""]","[{""canonical_name"": ""bread"", ""category"": ""Grains"", ""quantity"": 2.0, ""unit"": null, ""optional"": false, ""source_name"": ""Bread"", ""source_measure"": ""2""}, {""canonical_name"": ""egg"", ""category"": ""Protein"", ""quantity"": 2.0, ""unit"": null, ""optional"": false, ""source_name"": ""Egg"", ""source_measure"": ""2""}, {""canonical_name"": ""salt"", ""category"": ""Seasoning"", ""quantity"": 0.5, ""unit"": null, ""optional"": false, ""source_name"": ""Salt"", ""source_measure"": ""0.5""}]","[{""step_number"": 1, ""instruction"": ""Make and enjoy""}]",,,2026-10-02T09:17:34.157519+00:00,"Source omits servings, prep/cook times and difficulty; blanks import as SQL NULL. Description generated from source category/cuisine. Ingredient categories and balance groups assigned locally.",TheMealDB (https://www.themealdb.com); API terms: https://www.themealdb.com/terms_of_use.php,,
52965,Breakfast,Canadian,potato,Breakfast Potatoes,Canadian breakfast recipe from TheMealDB.,,,,,https://www.themealdb.com/images/media/meals/1550441882.jpg,https://www.themealdb.com/meal/52965,"[""breakfast"", ""canadian"", ""ingredient:potato"", ""brunch""]","[{""canonical_name"": ""potato"", ""category"": ""Vegetables"", ""quantity"": 3.0, ""unit"": ""medium"", ""optional"": false, ""source_name"": ""Potatoes"", ""source_measure"": ""3 Medium""}, {""canonical_name"": ""olive oil"", ""category"": ""Oil"", ""quantity"": 1.0, ""unit"": ""tbsp"", ""optional"": false, ""source_name"": ""Olive Oil"", ""source_measure"": ""1 tbs""}, {""canonical_name"": ""bacon"", ""category"": ""Protein"", ""quantity"": 2.0, ""unit"": ""strips"", ""optional"": false, ""source_name"": ""Bacon"", ""source_measure"": ""2 strips""}, {""canonical_name"": ""garlic"", ""category"": ""Vegetables"", ""quantity"": null, ""unit"": null, ""optional"": false, ""source_name"": ""Garlic Clove"", ""source_measure"": ""Minced""}, {""canonical_name"": ""maple syrup"", ""category"": ""Other"", ""quantity"": 1.0, ""unit"": ""tbsp"", ""optional"": false, ""source_name"": ""Maple Syrup"", ""source_measure"": ""1 tbs""}, {""canonical_name"": ""parsley"", ""category"": ""Other"", ""quantity"": null, ""unit"": null, ""optional"": false, ""source_name"": ""Parsley"", ""source_measure"": ""Garnish""}, {""canonical_name"": ""salt"", ""category"": ""Seasoning"", ""quantity"": null, ""unit"": null, ""optional"": false, ""source_name"": ""Salt"", ""source_measure"": ""Pinch""}, {""canonical_name"": ""pepper"", ""category"": ""Vegetables"", ""quantity"": null, ""unit"": null, ""optional"": false, ""source_name"": ""Pepper"", ""source_measure"": ""Pinch""}, {""canonical_name"": ""allspice"", ""category"": ""Seasoning"", ""quantity"": null, ""unit"": null, ""optional"": false, ""source_name"": ""Allspice"", ""source_measure"": ""To taste""}]","[{""step_number"": 1, ""instruction"": ""Before you do anything, freeze your bacon slices that way when you're ready to prep, it'll be so much easier to chop!""}, {""step_number"": 2, ""instruction"": ""Wash the potatoes and cut medium dice into square pieces. To prevent any browning, place the already cut potatoes in a bowl filled with water.""}, {""step_number"": 3, ""instruction"": ""In the meantime, heat 1-2 tablespoons of oil in a large skillet over medium-high heat. Tilt the skillet so the oil spreads evenly.""}, {""step_number"": 4, ""instruction"": ""Once the oil is hot, drain the potatoes and add to the skillet. Season with salt, pepper, and Old Bay as needed.""}, {""step_number"": 5, ""instruction"": ""Cook for 10 minutes, stirring the potatoes often, until brown. If needed, add a tablespoon more of oil.""}, {""step_number"": 6, ""instruction"": ""Chop up the bacon and add to the potatoes. The bacon will start to render and the fat will begin to further cook the potatoes. Toss it up a bit! The bacon will take 5-6 minutes to crisp.""}, {""step_number"": 7, ""instruction"": ""Once the bacon is cooked, reduce the heat to medium-low, add the minced garlic and toss. Season once more. Add dried or fresh parsley. Control heat as needed.""}, {""step_number"": 8, ""instruction"": ""Let the garlic cook until fragrant, about one minute.""}, {""step_number"": 9, ""instruction"": ""Just before serving, drizzle over the maple syrup and toss. Let that cook another minute, giving the potatoes a caramelized effect.""}, {""step_number"": 10, ""instruction"": ""Serve in a warm bowl with a sunny side up egg!""}]",http://www.vodkaandbiscuits.com/2014/03/06/bangin-breakfast-potatoes/,https://www.youtube.com/watch?v=BoD0TIO9nE4,2026-10-02T09:17:34.157519+00:00,"Source omits servings, prep/cook times and difficulty; blanks import as SQL NULL. Description generated from source category/cuisine. Ingredient categories and balance groups assigned locally.",TheMealDB (https://www.themealdb.com); API terms: https://www.themealdb.com/terms_of_use.php,,
52957,Breakfast,United States,fruit,Fruit and Cream Cheese Breakfast Pastries,United States breakfast recipe from TheMealDB.,,,,,https://www.themealdb.com/images/media/meals/1543774956.jpg,https://www.themealdb.com/meal/52957,"[""breakfast"", ""united states"", ""ingredient:fruit"", ""summer""]","[{""canonical_name"": ""cream cheese"", ""category"": ""Dairy"", ""quantity"": 1.25, ""unit"": ""oz"", ""optional"": false, ""source_name"": ""Cream Cheese"", ""source_measure"": ""1 1/4 oz""}, {""canonical_name"": ""sugar"", ""category"": ""Seasoning"", ""quantity"": 1.25, ""unit"": ""cup"", ""optional"": false, ""source_name"": ""Sugar"", ""source_measure"": ""1 1/4 cup""}, {""canonical_name"": ""vanilla extract"", ""category"": ""Other"", ""quantity"": 1.0, ""unit"": ""tsp"", ""optional"": false, ""source_name"": ""Vanilla Extract"", ""source_measure"": ""1 teaspoon""}, {""canonical_name"": ""flour"", ""category"": ""Grains"", ""quantity"": null, ""unit"": null, ""optional"": false, ""source_name"": ""Flour"", ""source_measure"": """"}, {""canonical_name"": ""puff pastry"", ""category"": ""Grains"", ""quantity"": 2.0, ""unit"": null, ""optional"": false, ""source_name"": ""Puff Pastry"", ""source_measure"": ""2""}, {""canonical_name"": ""strawberry"", ""category"": ""Fruit"", ""quantity"": null, ""unit"": null, ""optional"": false, ""source_name"": ""Strawberries"", ""source_measure"": """"}, {""canonical_name"": ""raspberries"", ""category"": ""Fruit"", ""quantity"": null, ""unit"": null, ""optional"": false, ""source_name"": ""Raspberries"", ""source_measure"": """"}, {""canonical_name"": ""blackberries"", ""category"": ""Other"", ""quantity"": null, ""unit"": null, ""optional"": false, ""source_name"": ""Blackberries"", ""source_measure"": """"}]","[{""step_number"": 1, ""instruction"": ""Preheat oven to 400ºF (200ºC), and prepare two cookie sheets with parchment paper. In a bowl, mix cream cheese, sugar, and vanilla until fully combined. Lightly flour the surface and roll out puff pastry on top to flatten. Cut each sheet of puff pastry into 9 equal squares. On the top right and bottom left of the pastry, cut an L shape approximately ½ inch (1 cm) from the edge.""}, {""step_number"": 2, ""instruction"": ""NOTE: This L shape should reach all the way down and across the square, however both L shapes should not meet at the ends. Your pastry should look like a picture frame with two corners still intact.""}, {""step_number"": 3, ""instruction"": ""Take the upper right corner and fold down towards the inner bottom corner. You will now have a diamond shape.""}, {""step_number"": 4, ""instruction"": ""Place 1 to 2 teaspoons of the cream cheese filling in the middle, then place berries on top.""}, {""step_number"": 5, ""instruction"": ""Repeat with the remaining pastry squares and place them onto the parchment covered baking sheet.""}, {""step_number"": 6, ""instruction"": ""Bake for 15-20 minutes or until pastry is golden brown and puffed.""}, {""step_number"": 7, ""instruction"": ""Enjoy!""}]",,,2026-10-02T09:17:34.157519+00:00,"Source omits servings, prep/cook times and difficulty; blanks import as SQL NULL. Description generated from source category/cuisine. Ingredient categories and balance groups assigned locally.",TheMealDB (https://www.themealdb.com); API terms: https://www.themealdb.com/terms_of_use.php,,
52896,Breakfast,British,legumes,Full English Breakfast,British breakfast recipe from TheMealDB.,,,,,https://www.themealdb.com/images/media/meals/sqrtwu1511721265.jpg,https://www.themealdb.com/meal/52896,"[""breakfast"", ""british"", ""ingredient:legumes"", ""greasy"", ""unhealthy"", ""hangoverfood"", ""calorific"", ""bbq""]","[{""canonical_name"": ""sausages"", ""category"": ""Protein"", ""quantity"": 4.0, ""unit"": null, ""optional"": false, ""source_name"": ""Sausages"", ""source_measure"": ""4""}, {""canonical_name"": ""bacon"", ""category"": ""Protein"", ""quantity"": 4.0, ""unit"": null, ""optional"": false, ""source_name"": ""Bacon"", ""source_measure"": ""4""}, {""canonical_name"": ""mushroom"", ""category"": ""Vegetables"", ""quantity"": 4.0, ""unit"": null, ""optional"": false, ""source_name"": ""Mushrooms"", ""source_measure"": ""4""}, {""canonical_name"": ""tomato"", ""category"": ""Vegetables"", ""quantity"": 3.0, ""unit"": null, ""optional"": false, ""source_name"": ""Tomatoes"", ""source_measure"": ""3""}, {""canonical_name"": ""black pudding"", ""category"": ""Other"", ""quantity"": 2.0, ""unit"": ""sliced"", ""optional"": false, ""source_name"": ""Black Pudding"", ""source_measure"": ""2 sliced""}, {""canonical_name"": ""egg"", ""category"": ""Protein"", ""quantity"": 2.0, ""unit"": null, ""optional"": false, ""source_name"": ""Eggs"", ""source_measure"": ""2""}, {""canonical_name"": ""bread"", ""category"": ""Grains"", ""quantity"": 1.0, ""unit"": ""slice"", ""optional"": false, ""source_name"": ""Bread"", ""source_measure"": ""1 Slice""}, {""canonical_name"": ""baked beans"", ""category"": ""Legumes"", ""quantity"": 100.0, ""unit"": ""g"", ""optional"": false, ""source_name"": ""Baked Beans"", ""source_measure"": ""100g""}]","[{""step_number"": 1, ""instruction"": ""Heat the flat grill plate over a low heat, on top of 2 rings/flames if it fits, and brush sparingly with light olive oil.""}, {""step_number"": 2, ""instruction"": ""Cook the sausages first. Add the sausages to the hot grill plate/the coolest part if there is one and allow to cook slowly for about 15-20 minutes, turning occasionally, until golden. After the first 10 minutes, increase the heat to medium before beginning to cook the other ingredients. If you are struggling for space, completely cook the sausages and keep hot on a plate in the oven.""}, {""step_number"": 3, ""instruction"": ""Snip a few small cuts into the fatty edge of the bacon. Place the bacon straight on to the grill plate and fry for 2-4 minutes each side or until your preferred crispiness is reached. Like the sausages, the cooked bacon can be kept hot on a plate in the oven.""}, {""step_number"": 4, ""instruction"": ""For the mushrooms, brush away any dirt using a pastry brush and trim the stalk level with the mushroom top. Season with salt and pepper and drizzle over a little olive oil. Place stalk-side up on the grill plate and cook for 1-2 minutes before turning and cooking for a further 3-4 minutes. Avoid moving the mushrooms too much while cooking, as this releases the natural juices, making them soggy.""}, {""step_number"": 5, ""instruction"": ""For the tomatoes, cut the tomatoes across the centre/or in half lengthways if using plum tomatoes , and with a small, sharp knife remove the green 'eye'. Season with salt and pepper and drizzle with a little olive oil. Place cut-side down on the grill plate and cook without moving for 2 minutes. Gently turn over and season again. Cook for a further 2-3 minutes until tender but still holding their shape.""}, {""step_number"": 6, ""instruction"": ""For the black pudding, cut the black pudding into 3-4 slices and remove the skin. Place on the grill plate and cook for 1½-2 minutes each side until slightly crispy.""}, {""step_number"": 7, ""instruction"": ""For 'proper' fried bread it's best to cook it in a separate pan. Ideally, use bread that is a couple of days old. Heat a frying pan to a medium heat and cover the base with oil. Add the bread and cook for 2-3 minutes each side until crispy and golden. If the pan becomes too dry, add a little more oil. For a richer flavour, add a knob of butter after you turn the slice.""}, {""step_number"": 8, ""instruction"": ""For the fried eggs, break the egg straight into the pan with the fried bread and leave for 30 seconds. Add a good knob of butter and lightly splash/baste the egg with the butter when melted. Cook to your preferred stage, season and gently remove with a fish slice.""}, {""step_number"": 9, ""instruction"": ""Once all the ingredients are cooked, serve on warm plates and enjoy straight away with a good squeeze of tomato ketchup or brown sauce.""}]",https://www.bbc.co.uk/food/recipes/stressfreefullenglis_67721,https://www.youtube.com/watch?v=FXjYU2Ensck,2026-10-02T09:17:34.157519+00:00,"Source omits servings, prep/cook times and difficulty; blanks import as SQL NULL. Description generated from source category/cuisine. Ingredient categories and balance groups assigned locally.",TheMealDB (https://www.themealdb.com); API terms: https://www.themealdb.com/terms_of_use.php,,
52967,Breakfast,Kenyan,egg,Home-made Mandazi,Kenyan breakfast recipe from TheMealDB.,,,,,https://www.themealdb.com/images/media/meals/thazgm1555350962.jpg,https://www.themealdb.com/meal/52967,"[""breakfast"", ""kenyan"", ""ingredient:egg"", ""baking"", ""egg"", ""warm"", ""snack""]","[{""canonical_name"": ""self-raising flour"", ""category"": ""Fruit"", ""quantity"": 750.0, ""unit"": ""g"", ""optional"": false, ""source_name"": ""Self-raising Flour"", ""source_measure"": ""750g""}, {""canonical_name"": ""sugar"", ""category"": ""Seasoning"", ""quantity"": 6.0, ""unit"": ""tbsp"", ""optional"": false, ""source_name"": ""Sugar"", ""source_measure"": ""6 tablespoons""}, {""canonical_name"": ""egg"", ""category"": ""Protein"", ""quantity"": 2.0, ""unit"": null, ""optional"": false, ""source_name"": ""Eggs"", ""source_measure"": ""2""}, {""canonical_name"": ""milk"", ""category"": ""Dairy"", ""quantity"": 1.0, ""unit"": ""cup"", ""optional"": false, ""source_name"": ""Milk"", ""source_measure"": ""1 cup""}]","[{""step_number"": 1, ""instruction"": ""This is one recipe a lot of people have requested and I have tried to make it as simple as possible and I hope it will work for you. Make sure you use the right flour which is basically one with raising agents. Adjust the amount of sugar to your taste and try using different flavours to have variety whenever you have them.""}, {""step_number"": 2, ""instruction"": ""You can use Coconut milk instead of regular milk, you can also add desiccated coconut to the dry flour or other spices like powdered cloves or cinnamon.""}, {""step_number"": 3, ""instruction"": ""For “healthy looking” mandazis do not roll the dough too thin before frying and use the procedure I have indicated above.""}, {""step_number"": 4, ""instruction"": ""Mix the flour,cinnamon and sugar in a suitable bowl.""}, {""step_number"": 5, ""instruction"": ""In a separate bowl whisk the egg into the milk""}, {""step_number"": 6, ""instruction"": ""Make a well at the centre of the flour and add the milk and egg mixture and slowly mix to form a dough.""}, {""step_number"": 7, ""instruction"": ""Knead the dough for 3-4 minutes or until it stops sticking to the sides of the bowl and you have a smooth surface.""}, {""step_number"": 8, ""instruction"": ""Cover the dough with a damp cloth  and allow to rest for 15 minutes.""}, {""step_number"": 9, ""instruction"": ""Roll the dough on a lightly floured surface into a 1cm thick piece.""}, {""step_number"": 10, ""instruction"": ""Using a sharp small knife, cut the dough into the desired size setting aside ready for deep frying.""}, {""step_number"": 11, ""instruction"": ""Heat your oil in a suitable pot and gently dip the mandazi pieces to cook until light brown on the first side then turn to cook on the second side.""}, {""step_number"": 12, ""instruction"": ""Serve them warm or cold""}]",http://chef-raphael.com/home-made-mandazi-recipe/#more-106,,2026-10-02T09:17:34.157519+00:00,"Source omits servings, prep/cook times and difficulty; blanks import as SQL NULL. Description generated from source category/cuisine. Ingredient categories and balance groups assigned locally.",TheMealDB (https://www.themealdb.com); API terms: https://www.themealdb.com/terms_of_use.php,,
53331,Breakfast,Venezuela,egg,Oatmeal pancakes,Venezuela breakfast recipe from TheMealDB.,,,,,https://www.themealdb.com/images/media/meals/c400ok1764439058.jpg,https://www.themealdb.com/meal/53331,"[""breakfast"", ""venezuela"", ""ingredient:egg""]","[{""canonical_name"": ""egg"", ""category"": ""Protein"", ""quantity"": 1.0, ""unit"": ""medium"", ""optional"": false, ""source_name"": ""Egg"", ""source_measure"": ""1 medium""}, {""canonical_name"": ""milk"", ""category"": ""Dairy"", ""quantity"": 80.0, ""unit"": ""ml"", ""optional"": false, ""source_name"": ""Milk"", ""source_measure"": ""80 ml""}, {""canonical_name"": ""sugar"", ""category"": ""Seasoning"", ""quantity"": 1.0, ""unit"": ""tbsp"", ""optional"": false, ""source_name"": ""Sugar"", ""source_measure"": ""1 tablespoon""}, {""canonical_name"": ""baking powder"", ""category"": ""Other"", ""quantity"": 1.0, ""unit"": ""tsp"", ""optional"": false, ""source_name"": ""Baking Powder"", ""source_measure"": ""1 tsp""}, {""canonical_name"": ""salt"", ""category"": ""Seasoning"", ""quantity"": null, ""unit"": null, ""optional"": false, ""source_name"": ""Salt"", ""source_measure"": ""Pinch""}, {""canonical_name"": ""vanilla extract"", ""category"": ""Other"", ""quantity"": 1.0, ""unit"": ""dash"", ""optional"": false, ""source_name"": ""Vanilla Extract"", ""source_measure"": ""1 dash""}, {""canonical_name"": ""ground oats"", ""category"": ""Grains"", ""quantity"": 150.0, ""unit"": ""g"", ""optional"": false, ""source_name"": ""Ground Oats"", ""source_measure"": ""150g""}, {""canonical_name"": ""butter"", ""category"": ""Dairy"", ""quantity"": 150.0, ""unit"": ""g"", ""optional"": false, ""source_name"": ""Butter"", ""source_measure"": ""150g""}, {""canonical_name"": ""sugar syrup"", ""category"": ""Seasoning"", ""quantity"": 1.0, ""unit"": ""tbsp"", ""optional"": false, ""source_name"": ""Sugar Syrup"", ""source_measure"": ""1 tablespoon""}, {""canonical_name"": ""strawberry"", ""category"": ""Fruit"", ""quantity"": 3.0, ""unit"": null, ""optional"": false, ""source_name"": ""Strawberries"", ""source_measure"": ""3""}]","[{""step_number"": 1, ""instruction"": ""Place all the ingredients in the glass and beat.""}, {""step_number"": 2, ""instruction"": ""Let the mixture stand for 10 minutes.""}, {""step_number"": 3, ""instruction"": ""Grease a hot frying pan with a little butter and pour a little of the mixture.""}, {""step_number"": 4, ""instruction"": ""When it starts to bubble on the surface, turn over with a spatula. Cook over medium-low heat so that they do not burn.""}, {""step_number"": 5, ""instruction"": ""Finally, add the caramel and strawberries.""}]",https://goya.es/en/recipes/oatmeal-pancakes,https://www.youtube.com/watch?v=kkrRFWN4LG4,2026-10-02T09:17:34.157519+00:00,"Source omits servings, prep/cook times and difficulty; blanks import as SQL NULL. Description generated from source category/cuisine. Ingredient categories and balance groups assigned locally.",TheMealDB (https://www.themealdb.com); API terms: https://www.themealdb.com/terms_of_use.php,,
52964,Breakfast,India,rice,Smoked Haddock Kedgeree,India breakfast recipe from TheMealDB.,,,,,https://www.themealdb.com/images/media/meals/1550441275.jpg,https://www.themealdb.com/meal/52964,"[""breakfast"", ""india"", ""ingredient:rice"", ""brunch"", ""fish"", ""fusion""]","[{""canonical_name"": ""butter"", ""category"": ""Dairy"", ""quantity"": 50.0, ""unit"": ""g"", ""optional"": false, ""source_name"": ""Butter"", ""source_measure"": ""50g""}, {""canonical_name"": ""onion"", ""category"": ""Vegetables"", ""quantity"": 1.0, ""unit"": ""chopped"", ""optional"": false, ""source_name"": ""Onion"", ""source_measure"": ""1 chopped""}, {""canonical_name"": ""cardamom"", ""category"": ""Other"", ""quantity"": 3.0, ""unit"": ""pods"", ""optional"": false, ""source_name"": ""Cardamom"", ""source_measure"": ""3 Pods""}, {""canonical_name"": ""turmeric"", ""category"": ""Seasoning"", ""quantity"": 0.25, ""unit"": ""tsp"", ""optional"": false, ""source_name"": ""Turmeric"", ""source_measure"": ""1/4 tsp""}, {""canonical_name"": ""cinnamon stick"", ""category"": ""Seasoning"", ""quantity"": 1.0, ""unit"": ""small"", ""optional"": false, ""source_name"": ""Cinnamon Stick"", ""source_measure"": ""1 small""}, {""canonical_name"": ""bay leaf"", ""category"": ""Other"", ""quantity"": null, ""unit"": null, ""optional"": false, ""source_name"": ""Bay Leaf"", ""source_measure"": ""Sprigs of fresh""}, {""canonical_name"": ""basmati rice"", ""category"": ""Grains"", ""quantity"": 450.0, ""unit"": ""g"", ""optional"": false, ""source_name"": ""Basmati Rice"", ""source_measure"": ""450g""}, {""canonical_name"": ""chicken stock"", ""category"": ""Protein"", ""quantity"": 1.0, ""unit"": ""litre"", ""optional"": false, ""source_name"": ""Chicken Stock"", ""source_measure"": ""1 Litre""}, {""canonical_name"": ""smoked haddock"", ""category"": ""Protein"", ""quantity"": 750.0, ""unit"": ""g"", ""optional"": false, ""source_name"": ""Smoked Haddock"", ""source_measure"": ""750g""}, {""canonical_name"": ""egg"", ""category"": ""Protein"", ""quantity"": 3.0, ""unit"": null, ""optional"": false, ""source_name"": ""Eggs"", ""source_measure"": ""3""}, {""canonical_name"": ""parsley"", ""category"": ""Other"", ""quantity"": null, ""unit"": null, ""optional"": false, ""source_name"": ""Parsley"", ""source_measure"": ""3 tblsp chopped""}, {""canonical_name"": ""lemon"", ""category"": ""Fruit"", ""quantity"": 1.0, ""unit"": ""chopped"", ""optional"": false, ""source_name"": ""Lemon"", ""source_measure"": ""1 chopped""}]","[{""step_number"": 1, ""instruction"": ""Melt 50g butter in a large saucepan (about 20cm across), add 1 finely chopped medium onion and cook gently over a medium heat for 5 minutes, until softened but not browned.""}, {""step_number"": 2, ""instruction"": ""Stir in 3 split cardamom pods, ¼ tsp turmeric, 1 small cinnamon stick and 2 bay leaves, then cook for 1 minute.""}, {""step_number"": 3, ""instruction"": ""Tip in 450g basmati rice and stir until it is all well coated in the spicy butter.""}, {""step_number"": 4, ""instruction"": ""Pour in 1 litre chicken or fish stock, add ½ teaspoon salt and bring to the boil, stir once to release any rice from the bottom of the pan. Cover with a close-fitting lid, reduce the heat to low and leave to cook very gently for 12 minutes.""}, {""step_number"": 5, ""instruction"": ""Meanwhile, bring some water to the boil in a large shallow pan. Add 750g un-dyed smoked haddock fillet and simmer for 4 minutes, until the fish is just cooked. Lift it out onto a plate and leave until cool enough to handle.""}, {""step_number"": 6, ""instruction"": ""Hard-boil 3 eggs for 8 minutes.""}, {""step_number"": 7, ""instruction"": ""Flake the fish, discarding any skin and bones. Drain the eggs, cool slightly, then peel and chop.""}, {""step_number"": 8, ""instruction"": ""Uncover the rice and remove the bay leaves, cinnamon stick and cardamom pods if you wish to. Gently fork in the fish and the chopped eggs, cover again and return to the heat for 2-3 minutes, or until the fish has heated through.""}, {""step_number"": 9, ""instruction"": ""Gently stir in almost all the 3 tbsp chopped fresh parsley, and season with a little salt and black pepper to taste. Serve scattered with the remaining parsley and garnished with 1 lemon, cut into wedges.""}]",https://www.bbcgoodfood.com/recipes/2256/smoked-haddock-kedgeree,https://www.youtube.com/watch?v=QqdzDCWS4gQ,2026-10-02T09:17:34.157519+00:00,"Source omits servings, prep/cook times and difficulty; blanks import as SQL NULL. Description generated from source category/cuisine. Ingredient categories and balance groups assigned locally.",TheMealDB (https://www.themealdb.com); API terms: https://www.themealdb.com/terms_of_use.php,,
53415,Breakfast,,egg,Torrijas,International breakfast recipe from TheMealDB.,,,,,https://www.themealdb.com/images/media/meals/927vvp1779732018.jpg,https://www.themealdb.com/meal/53415,"[""breakfast"", ""unknown"", ""ingredient:egg""]","[{""canonical_name"": ""orange"", ""category"": ""Fruit"", ""quantity"": 1.0, ""unit"": ""medium"", ""optional"": false, ""source_name"": ""Orange"", ""source_measure"": ""1 medium""}, {""canonical_name"": ""lemon"", ""category"": ""Fruit"", ""quantity"": 1.0, ""unit"": ""medium"", ""optional"": false, ""source_name"": ""Lemon"", ""source_measure"": ""1 medium""}, {""canonical_name"": ""whole milk"", ""category"": ""Dairy"", ""quantity"": 4.0, ""unit"": ""cup"", ""optional"": false, ""source_name"": ""Whole Milk"", ""source_measure"": ""4 cups""}, {""canonical_name"": ""sugar"", ""category"": ""Seasoning"", ""quantity"": 0.5, ""unit"": ""cup"", ""optional"": false, ""source_name"": ""Sugar"", ""source_measure"": ""1/2 cup""}, {""canonical_name"": ""cinnamon stick"", ""category"": ""Seasoning"", ""quantity"": 1.0, ""unit"": null, ""optional"": false, ""source_name"": ""Cinnamon Stick"", ""source_measure"": ""1""}, {""canonical_name"": ""dry sherry"", ""category"": ""Other"", ""quantity"": 0.33, ""unit"": ""cup"", ""optional"": false, ""source_name"": ""Dry sherry"", ""source_measure"": ""1/3 cup""}, {""canonical_name"": ""baguette"", ""category"": ""Other"", ""quantity"": 1.0, ""unit"": null, ""optional"": false, ""source_name"": ""Baguette"", ""source_measure"": ""1""}, {""canonical_name"": ""olive oil"", ""category"": ""Oil"", ""quantity"": 1.0, ""unit"": ""cup"", ""optional"": false, ""source_name"": ""Olive Oil"", ""source_measure"": ""1 cup""}, {""canonical_name"": ""egg"", ""category"": ""Protein"", ""quantity"": 4.0, ""unit"": ""large"", ""optional"": false, ""source_name"": ""Eggs"", ""source_measure"": ""4 large""}, {""canonical_name"": ""honey"", ""category"": ""Condiments"", ""quantity"": null, ""unit"": null, ""optional"": false, ""source_name"": ""Honey"", ""source_measure"": ""To serve""}]","[{""step_number"": 1, ""instruction"": ""Finely grate the zest of 1 medium orange (about 2 teaspoons) and 1 medium lemon (about 1 teaspoon) into a medium saucepan.""}, {""step_number"": 2, ""instruction"": ""Add 1 quart whole milk, 1/2 cup granulated sugar, and 1 (3-inch) cinnamon stick. Bring to a boil over medium heat. Remove the pan from the heat and add 1/3 cup dry sherry. Let sit until cool enough to handle. Meanwhile, cut 1 (12-ounce) day-old baguette crosswise into 1-inch-thick slices (about 16). Arrange in a single layer on a rimmed baking sheet.""}, {""step_number"": 3, ""instruction"": ""Pour the milk mixture over the bread and let it soak for 5 minutes. Flip each slice of bread. Let the bread sit until it absorbs most of the liquid but isn't falling apart, about 5 minutes more.""}, {""step_number"": 4, ""instruction"": ""Heat 1 cup olive oil in a large frying pan over medium-high heat until shimmering. Meanwhile, whisk 4 eggs together in a medium bowl.""}, {""step_number"": 5, ""instruction"": ""Working with 1 slice at a time, dip the bread in the egg mixture to coat. Let the excess drip off, then add to the pan. Repeat with as many slices as needed until the pan is filled with a single layer. Fry until golden-brown on the bottom, about 4 minutes. Flip the slices and fry until the second side until golden-brown, 3 to 4 minutes more. Transfer to a paper towel-lined plate or baking sheet. Repeat dipping and frying the remaining bread. Drizzle with honey to serve.""}]",https://www.thekitchn.com/torrijas-recipe-23214033#post-recipe-286240303,https://www.youtube.com/watch?v=ympLYopSKow,2026-10-02T09:17:34.157519+00:00,"Source omits servings, prep/cook times and difficulty; blanks import as SQL NULL. Description generated from source category/cuisine. Ingredient categories and balance groups assigned locally.",TheMealDB (https://www.themealdb.com); API terms: https://www.themealdb.com/terms_of_use.php,,
53165,Breakfast,Spanish,egg,Torrijas with sherry,Spanish breakfast recipe from TheMealDB.,,,,,https://www.themealdb.com/images/media/meals/f3ee3y1763309332.jpg,https://www.themealdb.com/meal/53165,"[""breakfast"", ""spanish"", ""ingredient:egg""]","[{""canonical_name"": ""egg"", ""category"": ""Protein"", ""quantity"": 2.0, ""unit"": ""medium"", ""optional"": false, ""source_name"": ""Egg"", ""source_measure"": ""2 medium""}, {""canonical_name"": ""double cream"", ""category"": ""Dairy"", ""quantity"": 2.0, ""unit"": ""tbsp"", ""optional"": false, ""source_name"": ""Double Cream"", ""source_measure"": ""2 tbsp""}, {""canonical_name"": ""milk"", ""category"": ""Dairy"", ""quantity"": 2.0, ""unit"": ""tblsp"", ""optional"": false, ""source_name"": ""Milk"", ""source_measure"": ""2 tblsp""}, {""canonical_name"": ""golden caster sugar"", ""category"": ""Seasoning"", ""quantity"": 3.0, ""unit"": ""tsp"", ""optional"": false, ""source_name"": ""Golden Caster Sugar"", ""source_measure"": ""3 tsp""}, {""canonical_name"": ""sweet sherry"", ""category"": ""Other"", ""quantity"": 3.0, ""unit"": ""tbsp"", ""optional"": false, ""source_name"": ""Sweet Sherry"", ""source_measure"": ""3  tablespoons""}, {""canonical_name"": ""bread"", ""category"": ""Grains"", ""quantity"": null, ""unit"": null, ""optional"": false, ""source_name"": ""Bread"", ""source_measure"": ""4 thick slices""}, {""canonical_name"": ""olive oil"", ""category"": ""Oil"", ""quantity"": null, ""unit"": null, ""optional"": false, ""source_name"": ""Olive Oil"", ""source_measure"": ""For frying""}, {""canonical_name"": ""icing sugar"", ""category"": ""Seasoning"", ""quantity"": null, ""unit"": null, ""optional"": false, ""source_name"": ""Icing Sugar"", ""source_measure"": ""To serve""}, {""canonical_name"": ""creme fraiche"", ""category"": ""Other"", ""quantity"": null, ""unit"": null, ""optional"": false, ""source_name"": ""Creme Fraiche"", ""source_measure"": ""To serve""}]","[{""step_number"": 1, ""instruction"": ""In a wide, shallow bowl, beat the eggs with the cream, milk, golden caster sugar and sherry. Cut each slice of bread in two and dip them into the egg mix, turning to make sure they get a good coating on either side. Soak bread in egg mixture for 10 mins to absorb the liquid (carefully turn them over from time to time and make sure they don’t get too soggy).""}, {""step_number"": 2, ""instruction"": ""Heat 1½ tbsp olive oil in a large frying pan and cook the bread for about 3 mins on each side until dark golden and crisp on the edge. Keep the slices warm in a low oven as you cook the rest.""}, {""step_number"": 3, ""instruction"": ""Divide the torrijas between plates and dust with the icing sugar. Serve with crème fraîche or Greek yogurt on the side.""}]",https://www.bbcgoodfood.com/recipes/torrijas-sherry,https://www.youtube.com/watch?v=RGUp1N5KAGY,2026-10-02T09:17:34.157519+00:00,"Source omits servings, prep/cook times and difficulty; blanks import as SQL NULL. Description generated from source category/cuisine. Ingredient categories and balance groups assigned locally.",TheMealDB (https://www.themealdb.com); API terms: https://www.themealdb.com/terms_of_use.php,,
53225,Breakfast,Saudi Arabian,egg,Yemeni Lahsa (Elite Shakshuka),Saudi Arabian breakfast recipe from TheMealDB.,,,,,https://www.themealdb.com/images/media/meals/30s7vf1763741844.jpg,https://www.themealdb.com/meal/53225,"[""breakfast"", ""saudi arabian"", ""ingredient:egg""]","[{""canonical_name"": ""egg"", ""category"": ""Protein"", ""quantity"": 5.0, ""unit"": null, ""optional"": false, ""source_name"": ""Egg"", ""source_measure"": ""5""}, {""canonical_name"": ""onion"", ""category"": ""Vegetables"", ""quantity"": 1.0, ""unit"": ""diced"", ""optional"": false, ""source_name"": ""Onion"", ""source_measure"": ""1 Diced""}, {""canonical_name"": ""tomato"", ""category"": ""Vegetables"", ""quantity"": 1.0, ""unit"": ""diced"", ""optional"": false, ""source_name"": ""Tomato"", ""source_measure"": ""1 Diced""}, {""canonical_name"": ""olive oil"", ""category"": ""Oil"", ""quantity"": 2.0, ""unit"": ""tbsp"", ""optional"": false, ""source_name"": ""Olive Oil"", ""source_measure"": ""2 tablespoons""}, {""canonical_name"": ""allspice"", ""category"": ""Seasoning"", ""quantity"": 0.25, ""unit"": ""tsp"", ""optional"": false, ""source_name"": ""Allspice"", ""source_measure"": ""1/4 tsp""}, {""canonical_name"": ""black pepper"", ""category"": ""Vegetables"", ""quantity"": 0.25, ""unit"": ""tsp"", ""optional"": false, ""source_name"": ""Black Pepper"", ""source_measure"": ""1/4 tsp""}, {""canonical_name"": ""liquid cheese"", ""category"": ""Dairy"", ""quantity"": 3.0, ""unit"": ""tbsp"", ""optional"": false, ""source_name"": ""Liquid Cheese"", ""source_measure"": ""3  tablespoons""}]","[{""step_number"": 1, ""instruction"": ""First, On medium heat, heat the olive oil and add the diced onion until it wethers. Next, add the tomatoes and cook for another 4-5 min. Lastly, add the all spice, salt, and cracked pepper.""}, {""step_number"": 2, ""instruction"": ""Add the eggs and mix throughly for 2 minutes and cover to cook 5-6 minutes until top is solidified. Lastly, spread the liquid cheese and have it covered for a minute.""}, {""step_number"": 3, ""instruction"": ""I served mine Mediterranean style with hash-browns, Egyptian fava beans, Turkish salami and olives, cheese wedges, and greek feta.""}]",https://cookpad.com/eng/recipes/24629321?ref=search&search_term=saudi+arabia,https://www.youtube.com/shorts/1QX-KBX6tmM,2026-10-02T09:17:34.157519+00:00,"Source omits servings, prep/cook times and difficulty; blanks import as SQL NULL. Description generated from source category/cuisine. Ingredient categories and balance groups assigned locally.",TheMealDB (https://www.themealdb.com); API terms: https://www.themealdb.com/terms_of_use.php,,
53050,Chicken,Malaysian,chicken,Ayam Percik,Malaysian chicken recipe from TheMealDB.,,,,,https://www.themealdb.com/images/media/meals/020z181619788503.jpg,https://www.themealdb.com/meal/53050,"[""chicken"", ""malaysian"", ""ingredient:chicken""]","[{""canonical_name"": ""chicken thighs"", ""category"": ""Protein"", ""quantity"": 6.0, ""unit"": null, ""optional"": false, ""source_name"": ""Chicken Thighs"", ""source_measure"": ""6""}, {""canonical_name"": ""challots"", ""category"": ""Other"", ""quantity"": 16.0, ""unit"": null, ""optional"": false, ""source_name"": ""Challots"", ""source_measure"": ""16""}, {""canonical_name"": ""ginger"", ""category"": ""Seasoning"", ""quantity"": 1.5, ""unit"": null, ""optional"": false, ""source_name"": ""Ginger"", ""source_measure"": ""1 1/2""}, {""canonical_name"": ""garlic"", ""category"": ""Vegetables"", ""quantity"": 6.0, ""unit"": null, ""optional"": false, ""source_name"": ""Garlic Clove"", ""source_measure"": ""6""}, {""canonical_name"": ""cayenne pepper"", ""category"": ""Vegetables"", ""quantity"": 8.0, ""unit"": null, ""optional"": false, ""source_name"": ""Cayenne Pepper"", ""source_measure"": ""8""}, {""canonical_name"": ""turmeric"", ""category"": ""Seasoning"", ""quantity"": 2.0, ""unit"": ""tbsp"", ""optional"": false, ""source_name"": ""Turmeric"", ""source_measure"": ""2 tbs""}, {""canonical_name"": ""cumin"", ""category"": ""Seasoning"", ""quantity"": 1.5, ""unit"": null, ""optional"": false, ""source_name"": ""Cumin"", ""source_measure"": ""1 1/2""}, {""canonical_name"": ""coriander"", ""category"": ""Seasoning"", ""quantity"": 1.5, ""unit"": null, ""optional"": false, ""source_name"": ""Coriander"", ""source_measure"": ""1 1/2""}, {""canonical_name"": ""fennel"", ""category"": ""Other"", ""quantity"": 1.5, ""unit"": null, ""optional"": false, ""source_name"": ""Fennel"", ""source_measure"": ""1 1/2""}, {""canonical_name"": ""tamarind paste"", ""category"": ""Condiments"", ""quantity"": 2.0, ""unit"": ""tbsp"", ""optional"": false, ""source_name"": ""Tamarind Paste"", ""source_measure"": ""2 tbs""}, {""canonical_name"": ""coconut milk"", ""category"": ""Other"", ""quantity"": 1.0, ""unit"": ""can"", ""optional"": false, ""source_name"": ""Coconut Milk"", ""source_measure"": ""1 can""}, {""canonical_name"": ""sugar"", ""category"": ""Seasoning"", ""quantity"": 1.0, ""unit"": ""tsp"", ""optional"": false, ""source_name"": ""Sugar"", ""source_measure"": ""1 tsp""}, {""canonical_name"": ""water"", ""category"": ""Other"", ""quantity"": 1.0, ""unit"": ""cup"", ""optional"": false, ""source_name"": ""Water"", ""source_measure"": ""1 cup""}]","[{""step_number"": 1, ""instruction"": ""In a blender, add the ingredients for the spice paste and blend until smooth.""}, {""step_number"": 2, ""instruction"": ""Over medium heat, pour the spice paste in a skillet or pan and fry for 10 minutes until fragrant. Add water or oil 1 tablespoon at a time if the paste becomes too dry. Don't burn the paste. Lower the fire slightly if needed.""}, {""step_number"": 3, ""instruction"": ""Add the cloves, cardamom, tamarind pulp, coconut milk, water, sugar and salt. Turn the heat up and bring the mixture to boil. Turn the heat to medium low and simmer for 10 minutes. Stir occasionally. It will reduce slightly. This is the marinade/sauce, so taste and adjust seasoning if necessary. Don't worry if it's slightly bitter. It will go away when roasting.""}, {""step_number"": 4, ""instruction"": ""When the marinade/sauce has cooled, pour everything over the chicken and marinate overnight to two days.""}, {""step_number"": 5, ""instruction"": ""Preheat the oven to 425 F.""}, {""step_number"": 6, ""instruction"": ""Remove the chicken from the marinade. Spoon the marinade onto a greased (or aluminum lined) baking sheet. Lay the chicken on top of the sauce (make sure the chicken covers the sauce and the sauce isn't exposed or it'll burn) and spread the remaining marinade on the chicken. Roast for 35-45 minutes or until internal temp of the thickest part of chicken is at least 175 F.""}, {""step_number"": 7, ""instruction"": ""Let chicken rest for 5 minutes. Brush the chicken with some of the oil. Serve chicken with the sauce over steamed rice (or coconut rice).""}]",http://www.curiousnut.com/roasted-spiced-chicken-ayam-percik/,https://www.youtube.com/watch?v=9ytR28QK6I8,2026-10-02T09:17:34.157519+00:00,"Source omits servings, prep/cook times and difficulty; blanks import as SQL NULL. Description generated from source category/cuisine. Ingredient categories and balance groups assigned locally.",TheMealDB (https://www.themealdb.com); API terms: https://www.themealdb.com/terms_of_use.php,,
52796,Chicken,Italian,chicken,Chicken Alfredo Primavera,Italian chicken recipe from TheMealDB.,,,,,https://www.themealdb.com/images/media/meals/syqypv1486981727.jpg,https://www.themealdb.com/meal/52796,"[""chicken"", ""italian"", ""ingredient:chicken"", ""pasta"", ""meat"", ""dairy""]","[{""canonical_name"": ""butter"", ""category"": ""Dairy"", ""quantity"": 2.0, ""unit"": ""tbsp"", ""optional"": false, ""source_name"": ""Butter"", ""source_measure"": ""2 tablespoons""}, {""canonical_name"": ""olive oil"", ""category"": ""Oil"", ""quantity"": 3.0, ""unit"": ""tbsp"", ""optional"": false, ""source_name"": ""Olive Oil"", ""source_measure"": ""3 tablespoons""}, {""canonical_name"": ""chicken"", ""category"": ""Protein"", ""quantity"": 5.0, ""unit"": ""boneless"", ""optional"": false, ""source_name"": ""Chicken"", ""source_measure"": ""5 boneless""}, {""canonical_name"": ""salt"", ""category"": ""Seasoning"", ""quantity"": null, ""unit"": null, ""optional"": false, ""source_name"": ""Salt / Salt"", ""source_measure"": ""1 teaspoon / pinch""}, {""canonical_name"": ""squash"", ""category"": ""Vegetables"", ""quantity"": null, ""unit"": null, ""optional"": false, ""source_name"": ""Squash"", ""source_measure"": ""1 cut into 1/2-inch cubes""}, {""canonical_name"": ""broccoli"", ""category"": ""Vegetables"", ""quantity"": null, ""unit"": null, ""optional"": false, ""source_name"": ""Broccoli"", ""source_measure"": ""1 Head chopped""}, {""canonical_name"": ""mushroom"", ""category"": ""Vegetables"", ""quantity"": null, ""unit"": null, ""optional"": false, ""source_name"": ""mushrooms"", ""source_measure"": ""8-ounce sliced""}, {""canonical_name"": ""pepper"", ""category"": ""Vegetables"", ""quantity"": null, ""unit"": null, ""optional"": false, ""source_name"": ""Pepper / Pepper"", ""source_measure"": ""1 red / pinch""}, {""canonical_name"": ""onion"", ""category"": ""Vegetables"", ""quantity"": 1.0, ""unit"": ""chopped"", ""optional"": false, ""source_name"": ""onion"", ""source_measure"": ""1 chopped""}, {""canonical_name"": ""garlic"", ""category"": ""Vegetables"", ""quantity"": 3.0, ""unit"": ""cloves"", ""optional"": false, ""source_name"": ""garlic"", ""source_measure"": ""3 cloves""}, {""canonical_name"": ""red pepper flakes"", ""category"": ""Vegetables"", ""quantity"": 0.5, ""unit"": ""tsp"", ""optional"": false, ""source_name"": ""red pepper flakes"", ""source_measure"": ""1/2 teaspoon""}, {""canonical_name"": ""white wine"", ""category"": ""Other"", ""quantity"": 0.5, ""unit"": ""cup"", ""optional"": false, ""source_name"": ""white wine"", ""source_measure"": ""1/2 cup""}, {""canonical_name"": ""milk"", ""category"": ""Dairy"", ""quantity"": 0.5, ""unit"": ""cup"", ""optional"": false, ""source_name"": ""milk"", ""source_measure"": ""1/2 cup""}, {""canonical_name"": ""heavy cream"", ""category"": ""Dairy"", ""quantity"": 0.5, ""unit"": ""cup"", ""optional"": false, ""source_name"": ""heavy cream"", ""source_measure"": ""1/2 cup""}, {""canonical_name"": ""parmesan cheese"", ""category"": ""Dairy"", ""quantity"": null, ""unit"": null, ""optional"": false, ""source_name"": ""Parmesan cheese"", ""source_measure"": ""1 cup grated""}, {""canonical_name"": ""bowtie pasta"", ""category"": ""Grains"", ""quantity"": 16.0, ""unit"": ""oz"", ""optional"": false, ""source_name"": ""bowtie pasta"", ""source_measure"": ""16 ounces""}, {""canonical_name"": ""parsley"", ""category"": ""Other"", ""quantity"": null, ""unit"": null, ""optional"": false, ""source_name"": ""Parsley"", ""source_measure"": ""chopped""}]","[{""step_number"": 1, ""instruction"": ""Heat 1 tablespoon of butter and 2 tablespoons of olive oil in a large skillet over medium-high heat. Season both sides of each chicken breast with seasoned salt and a pinch of pepper. Add the chicken to the skillet and cook for 5-7 minutes on each side, or until cooked through.  While the chicken is cooking, bring a large pot of water to a boil. Season the boiling water with a few generous pinches of kosher salt. Add the pasta and give it a stir. Cook, stirring occasionally, until al dente, about 12 minutes. Reserve 1/2 cup of  pasta water before draining the pasta.  Remove the chicken from the pan and transfer it to a cutting board; allow it to rest. Turn the heat down to medium and dd the remaining 1 tablespoon of butter and olive oil to the same pan you used to cook the chicken. Add the veggies (minus the garlic) and red pepper flakes to the pan and stir to coat with the oil and butter (refrain from seasoning with salt until the veggies are finished browning). Cook, stirring often, until the veggies are tender, about 5 minutes. Add the garlic and a generous pinch of salt and pepper to the pan and cook for 1 minute.  Deglaze the pan with the white wine. Continue to cook until the wine has reduced by half, about 3 minutes. Stir in the milk, heavy cream, and reserved pasta water. Bring the mixture to a gentle boil and allow to simmer and reduce for 2-3 minutes. Turn off the heat and add the Parmesan cheese and cooked pasta. Season with salt and pepper to taste. Garnish with Parmesan cheese and chopped parsley, if desired.""}]",,https://www.youtube.com/watch?v=qCIbq8HywpQ,2026-10-02T09:17:34.157519+00:00,"Source omits servings, prep/cook times and difficulty; blanks import as SQL NULL. Description generated from source category/cuisine. Ingredient categories and balance groups assigned locally.",TheMealDB (https://www.themealdb.com); API terms: https://www.themealdb.com/terms_of_use.php,,
52765,Chicken,Mexican,chicken,Chicken Enchilada Casserole,Mexican chicken recipe from TheMealDB.,,,,,https://www.themealdb.com/images/media/meals/qtuwxu1468233098.jpg,https://www.themealdb.com/meal/52765,"[""chicken"", ""mexican"", ""ingredient:chicken"", ""casserole"", ""cheasy"", ""meat""]","[{""canonical_name"": ""enchilada sauce"", ""category"": ""Condiments"", ""quantity"": null, ""unit"": null, ""optional"": false, ""source_name"": ""Enchilada sauce"", ""source_measure"": ""14 oz jar""}, {""canonical_name"": ""shredded monterey jack cheese"", ""category"": ""Dairy"", ""quantity"": 3.0, ""unit"": ""cup"", ""optional"": false, ""source_name"": ""shredded Monterey Jack cheese"", ""source_measure"": ""3 Cups""}, {""canonical_name"": ""corn tortillas"", ""category"": ""Other"", ""quantity"": 6.0, ""unit"": null, ""optional"": false, ""source_name"": ""corn tortillas"", ""source_measure"": ""6""}, {""canonical_name"": ""chicken breast"", ""category"": ""Protein"", ""quantity"": 2.0, ""unit"": null, ""optional"": false, ""source_name"": ""chicken breasts"", ""source_measure"": ""2""}]","[{""step_number"": 1, ""instruction"": ""Cut each chicken breast in about 3 pieces, so that it cooks faster and put it in a small pot. Pour Enchilada sauce over it and cook covered on low to medium heat until chicken is cooked through, about 20 minutes. No water is needed, the chicken will cook in the Enchilada sauce. Make sure you stir occasionally so that it doesn't stick to the bottom.""}, {""step_number"": 2, ""instruction"": ""Remove chicken from the pot and shred with two forks.""}, {""step_number"": 3, ""instruction"": ""Preheat oven to 375 F degrees.""}, {""step_number"": 4, ""instruction"": ""Start layering the casserole. Start with about ¼ cup of the leftover Enchilada sauce over the bottom of a baking dish. I used a longer baking dish, so that I can put 2 corn tortillas across. Place 2 tortillas on the bottom, top with ⅓ of the chicken and ⅓ of the remaining sauce. Sprinkle with ⅓ of the cheese and repeat starting with 2 more tortillas, then chicken, sauce, cheese. Repeat with last layer with the remaining ingredients, tortillas, chicken, sauce and cheese.""}, {""step_number"": 5, ""instruction"": ""Bake for 20 to 30 minutes uncovered, until bubbly and cheese has melted and started to brown on top.""}, {""step_number"": 6, ""instruction"": ""Serve warm.""}]",,https://www.youtube.com/watch?v=EtVkwVKLc_M,2026-10-02T09:17:34.157519+00:00,"Source omits servings, prep/cook times and difficulty; blanks import as SQL NULL. Description generated from source category/cuisine. Ingredient categories and balance groups assigned locally.",TheMealDB (https://www.themealdb.com); API terms: https://www.themealdb.com/terms_of_use.php,,
52920,Chicken,France,chicken,Chicken Marengo,France chicken recipe from TheMealDB.,,,,,https://www.themealdb.com/images/media/meals/qpxvuq1511798906.jpg,https://www.themealdb.com/meal/52920,"[""chicken"", ""france"", ""ingredient:chicken""]","[{""canonical_name"": ""olive oil"", ""category"": ""Oil"", ""quantity"": 1.0, ""unit"": ""tbsp"", ""optional"": false, ""source_name"": ""Olive Oil"", ""source_measure"": ""1 tbs""}, {""canonical_name"": ""mushroom"", ""category"": ""Vegetables"", ""quantity"": 300.0, ""unit"": ""g"", ""optional"": false, ""source_name"": ""Mushrooms"", ""source_measure"": ""300g""}, {""canonical_name"": ""chicken legs"", ""category"": ""Protein"", ""quantity"": 4.0, ""unit"": null, ""optional"": false, ""source_name"": ""Chicken Legs"", ""source_measure"": ""4""}, {""canonical_name"": ""passata"", ""category"": ""Other"", ""quantity"": 500.0, ""unit"": ""g"", ""optional"": false, ""source_name"": ""Passata"", ""source_measure"": ""500g""}, {""canonical_name"": ""chicken stock cube"", ""category"": ""Protein"", ""quantity"": 1.0, ""unit"": null, ""optional"": false, ""source_name"": ""Chicken Stock Cube"", ""source_measure"": ""1""}, {""canonical_name"": ""black olives"", ""category"": ""Other"", ""quantity"": 100.0, ""unit"": ""g"", ""optional"": false, ""source_name"": ""Black Olives"", ""source_measure"": ""100g""}, {""canonical_name"": ""parsley"", ""category"": ""Other"", ""quantity"": null, ""unit"": null, ""optional"": false, ""source_name"": ""Parsley"", ""source_measure"": ""Chopped""}]","[{""step_number"": 1, ""instruction"": ""Heat the oil in a large flameproof casserole dish and stir-fry the mushrooms until they start to soften. Add the chicken legs and cook briefly on each side to colour them a little.""}, {""step_number"": 2, ""instruction"": ""Pour in the passata, crumble in the stock cube and stir in the olives. Season with black pepper – you shouldn’t need salt. Cover and simmer for 40 mins until the chicken is tender. Sprinkle with parsley and serve with pasta and a salad, or mash and green veg, if you like.""}]",https://www.bbcgoodfood.com/recipes/3146682/chicken-marengo,https://www.youtube.com/watch?v=U33HYUr-0Fw,2026-10-02T09:17:34.157519+00:00,"Source omits servings, prep/cook times and difficulty; blanks import as SQL NULL. Description generated from source category/cuisine. Ingredient categories and balance groups assigned locally.",TheMealDB (https://www.themealdb.com); API terms: https://www.themealdb.com/terms_of_use.php,,
53218,Chicken,Saudi Arabian,chicken,Chicken Shawarma with homemade garlic herb yoghurt sauce,Saudi Arabian chicken recipe from TheMealDB.,,,,,https://www.themealdb.com/images/media/meals/hcg6l91763596970.jpg,https://www.themealdb.com/meal/53218,"[""chicken"", ""saudi arabian"", ""ingredient:chicken"", ""kebab""]","[{""canonical_name"": ""chicken breast"", ""category"": ""Protein"", ""quantity"": 1.0, ""unit"": ""kg"", ""optional"": false, ""source_name"": ""Chicken Breast"", ""source_measure"": ""1kg""}, {""canonical_name"": ""garlic"", ""category"": ""Vegetables"", ""quantity"": null, ""unit"": null, ""optional"": false, ""source_name"": ""Garlic / Garlic"", ""source_measure"": ""2 cloves minced / 1 clove peeled crushed""}, {""canonical_name"": ""ground coriander"", ""category"": ""Seasoning"", ""quantity"": 1.0, ""unit"": ""tblsp"", ""optional"": false, ""source_name"": ""Ground Coriander"", ""source_measure"": ""1 tblsp""}, {""canonical_name"": ""ground cumin"", ""category"": ""Seasoning"", ""quantity"": 1.0, ""unit"": ""tblsp"", ""optional"": false, ""source_name"": ""Ground Cumin"", ""source_measure"": ""1 tblsp""}, {""canonical_name"": ""ground cardomom"", ""category"": ""Other"", ""quantity"": 1.0, ""unit"": ""tblsp"", ""optional"": false, ""source_name"": ""Ground Cardomom"", ""source_measure"": ""1 tblsp""}, {""canonical_name"": ""cayenne pepper"", ""category"": ""Vegetables"", ""quantity"": 1.0, ""unit"": ""tsp"", ""optional"": false, ""source_name"": ""Cayenne Pepper"", ""source_measure"": ""1 tsp""}, {""canonical_name"": ""smoked paprika"", ""category"": ""Seasoning"", ""quantity"": 2.0, ""unit"": ""tsp"", ""optional"": false, ""source_name"": ""Smoked Paprika"", ""source_measure"": ""2 tsp""}, {""canonical_name"": ""salt"", ""category"": ""Seasoning"", ""quantity"": 2.0, ""unit"": ""tsp"", ""optional"": false, ""source_name"": ""Salt"", ""source_measure"": ""2 tsp""}, {""canonical_name"": ""lemon juice"", ""category"": ""Other"", ""quantity"": null, ""unit"": null, ""optional"": false, ""source_name"": ""Lemon Juice / Lemon Juice"", ""source_measure"": ""2 tblsp / Splash""}, {""canonical_name"": ""olive oil"", ""category"": ""Oil"", ""quantity"": 3.0, ""unit"": ""tbsp"", ""optional"": false, ""source_name"": ""Olive Oil"", ""source_measure"": ""3 tablespoons""}, {""canonical_name"": ""greek yogurt"", ""category"": ""Dairy"", ""quantity"": 1.0, ""unit"": ""cup"", ""optional"": false, ""source_name"": ""Greek Yogurt"", ""source_measure"": ""1 cup""}, {""canonical_name"": ""cumin"", ""category"": ""Seasoning"", ""quantity"": 1.0, ""unit"": ""tsp"", ""optional"": false, ""source_name"": ""Cumin"", ""source_measure"": ""1 tsp""}]","[{""step_number"": 1, ""instruction"": ""Start by cutting your chicken up into reasonably small slices. Grab your ziplock bag and dump the freshly sliced chicken inside.""}, {""step_number"": 2, ""instruction"": ""Add garlic, coriander, cumin, cardomom, cayenne pepper, paprika, salt, pepper, lemon juice and olive oil to the bag. Close the bag and mix thoroughly. Place in fridge for 10-12 hours (shorter is fine but longer is better).""}, {""step_number"": 3, ""instruction"": ""Once ready to cook, heat your fry pan to medium-high and add a tiny bit of olive oil. Fry one side of all of your flatbreads until slightly toasty. Remove from pan, add enough oil to coat the fry pan. Put crumble fries into air fryer on 180 for 15 minutes shaking occasionally.""}, {""step_number"": 4, ""instruction"": ""The pan should be pretty hot by now, add the chicken in 2 batches (unless you have a big fry pan) to avoid overcrowding. The chicken should get a nice sear and darker colour which is perfect. Cook for a further 5-8 minutes or until cooked through. Repeat with next chicken batch.""}, {""step_number"": 5, ""instruction"": ""While chicken is cooking, place your Greek yoghurt into a bowl. Combine garlic, finely chopped mint and parsley, squeeze or so of lemon and cumin. Combine and add salt to taste. In a small bowl, combine 1tsp garlic powder, paprika, cumin, onion powder, oregano, dried parsley, cayenne pepper (optional) mix and leave aside for fries.""}, {""step_number"": 6, ""instruction"": ""Season fries immediately once cooked and add salt to taste. Once the chicken is complete, serve immediately by laying out your flatbread, spreading the sauce evenly over the bread, add lettuce, onion, tomato, fries, chicken, feta and more sauce on top. Serve immediately.""}]",https://cookpad.com/eng/recipes/24343467?ref=search&search_term=saudi+arabia,https://www.youtube.com/watch?v=TROZvPHqP1g,2026-10-02T09:17:34.157519+00:00,"Source omits servings, prep/cook times and difficulty; blanks import as SQL NULL. Description generated from source category/cuisine. Ingredient categories and balance groups assigned locally.",TheMealDB (https://www.themealdb.com); API terms: https://www.themealdb.com/terms_of_use.php,,
52813,Chicken,United States,chicken,Kentucky Fried Chicken,United States chicken recipe from TheMealDB.,,,,,https://www.themealdb.com/images/media/meals/40r49m1763197022.jpg,https://www.themealdb.com/meal/52813,"[""chicken"", ""united states"", ""ingredient:chicken"", ""meat"", ""spicy""]","[{""canonical_name"": ""chicken"", ""category"": ""Protein"", ""quantity"": 1.0, ""unit"": ""whole"", ""optional"": false, ""source_name"": ""Chicken"", ""source_measure"": ""1 whole""}, {""canonical_name"": ""oil"", ""category"": ""Oil"", ""quantity"": null, ""unit"": null, ""optional"": false, ""source_name"": ""Oil"", ""source_measure"": ""2 quarts neutral frying""}, {""canonical_name"": ""egg white"", ""category"": ""Protein"", ""quantity"": 1.0, ""unit"": null, ""optional"": false, ""source_name"": ""Egg White"", ""source_measure"": ""1""}, {""canonical_name"": ""flour"", ""category"": ""Grains"", ""quantity"": 1.5, ""unit"": ""cup"", ""optional"": false, ""source_name"": ""Flour"", ""source_measure"": ""1 1/2 cups""}, {""canonical_name"": ""brown sugar"", ""category"": ""Seasoning"", ""quantity"": 1.0, ""unit"": ""tbsp"", ""optional"": false, ""source_name"": ""Brown Sugar"", ""source_measure"": ""1 tablespoon""}, {""canonical_name"": ""salt"", ""category"": ""Seasoning"", ""quantity"": 1.0, ""unit"": ""tbsp"", ""optional"": false, ""source_name"": ""Salt"", ""source_measure"": ""1 tablespoon""}, {""canonical_name"": ""paprika"", ""category"": ""Seasoning"", ""quantity"": 1.0, ""unit"": ""tbsp"", ""optional"": false, ""source_name"": ""paprika"", ""source_measure"": ""1 tablespoon""}, {""canonical_name"": ""onion salt"", ""category"": ""Vegetables"", ""quantity"": 2.0, ""unit"": ""tsp"", ""optional"": false, ""source_name"": ""onion salt"", ""source_measure"": ""2 teaspoons""}, {""canonical_name"": ""chili powder"", ""category"": ""Seasoning"", ""quantity"": 1.0, ""unit"": ""tsp"", ""optional"": false, ""source_name"": ""chili powder"", ""source_measure"": ""1 teaspoon""}, {""canonical_name"": ""black pepper"", ""category"": ""Vegetables"", ""quantity"": 1.0, ""unit"": ""tsp"", ""optional"": false, ""source_name"": ""black pepper"", ""source_measure"": ""1 teaspoon""}, {""canonical_name"": ""celery salt"", ""category"": ""Vegetables"", ""quantity"": 0.5, ""unit"": ""tsp"", ""optional"": false, ""source_name"": ""celery salt"", ""source_measure"": ""1/2 teaspoon""}, {""canonical_name"": ""sage"", ""category"": ""Other"", ""quantity"": 0.5, ""unit"": ""tsp"", ""optional"": false, ""source_name"": ""sage"", ""source_measure"": ""1/2 teaspoon""}, {""canonical_name"": ""garlic powder"", ""category"": ""Other"", ""quantity"": 0.5, ""unit"": ""tsp"", ""optional"": false, ""source_name"": ""garlic powder"", ""source_measure"": ""1/2 teaspoon""}, {""canonical_name"": ""allspice"", ""category"": ""Seasoning"", ""quantity"": 0.5, ""unit"": ""tsp"", ""optional"": false, ""source_name"": ""allspice"", ""source_measure"": ""1/2 teaspoon""}, {""canonical_name"": ""oregano"", ""category"": ""Seasoning"", ""quantity"": 0.5, ""unit"": ""tsp"", ""optional"": false, ""source_name"": ""oregano"", ""source_measure"": ""1/2 teaspoon""}, {""canonical_name"": ""basil"", ""category"": ""Seasoning"", ""quantity"": 0.5, ""unit"": ""tsp"", ""optional"": false, ""source_name"": ""basil"", ""source_measure"": ""1/2 teaspoon""}, {""canonical_name"": ""marjoram"", ""category"": ""Other"", ""quantity"": 0.5, ""unit"": ""tsp"", ""optional"": false, ""source_name"": ""marjoram"", ""source_measure"": ""1/2 teaspoon""}]","[{""step_number"": 1, ""instruction"": ""Preheat fryer to 350°F. Thoroughly mix together all the spice mix ingredients.""}, {""step_number"": 2, ""instruction"": ""Combine spice mix with flour, brown sugar and salt.""}, {""step_number"": 3, ""instruction"": ""Dip chicken pieces in egg white to lightly coat them, then transfer to flour mixture. Turn a few times and make sure the flour mix is really stuck to the chicken. Repeat with all the chicken pieces.""}, {""step_number"": 4, ""instruction"": ""Let chicken pieces rest for 5 minutes so crust has a chance to dry a bit.""}, {""step_number"": 5, ""instruction"": ""Fry chicken in batches. Breasts and wings should take 12-14 minutes, and legs and thighs will need a few more minutes. Chicken pieces are done when a meat thermometer inserted into the thickest part reads 165°F.""}, {""step_number"": 6, ""instruction"": ""Let chicken drain on a few paper towels when it comes out of the fryer. Serve hot.""}]",http://www.tablespoon.com/recipes/copycat-kfc-original-style-chicken/97c93d14-9d8c-4bc7-96dc-1e0b37e4fcaa,https://www.youtube.com/watch?v=PTUxCvCz8Bc,2026-10-02T09:17:34.157519+00:00,"Source omits servings, prep/cook times and difficulty; blanks import as SQL NULL. Description generated from source category/cuisine. Ingredient categories and balance groups assigned locally.",TheMealDB (https://www.themealdb.com); API terms: https://www.themealdb.com/terms_of_use.php,,
53039,Chicken,Portuguese,chicken,Piri-piri chicken and slaw,Portuguese chicken recipe from TheMealDB.,,,,,https://www.themealdb.com/images/media/meals/hglsbl1614346998.jpg,https://www.themealdb.com/meal/53039,"[""chicken"", ""portuguese"", ""ingredient:chicken""]","[{""canonical_name"": ""chicken"", ""category"": ""Protein"", ""quantity"": 1.5, ""unit"": ""kg"", ""optional"": false, ""source_name"": ""Chicken"", ""source_measure"": ""1.5kg""}, {""canonical_name"": ""red chilli"", ""category"": ""Seasoning"", ""quantity"": 3.0, ""unit"": ""chopped"", ""optional"": false, ""source_name"": ""Red Chilli"", ""source_measure"": ""3 chopped""}, {""canonical_name"": ""garlic"", ""category"": ""Vegetables"", ""quantity"": 2.0, ""unit"": ""cloves"", ""optional"": false, ""source_name"": ""Garlic"", ""source_measure"": ""2 cloves""}, {""canonical_name"": ""ginger"", ""category"": ""Seasoning"", ""quantity"": 1.0, ""unit"": ""tsp"", ""optional"": false, ""source_name"": ""Ginger"", ""source_measure"": ""1 tsp""}, {""canonical_name"": ""dried oregano"", ""category"": ""Seasoning"", ""quantity"": 1.0, ""unit"": ""tsp"", ""optional"": false, ""source_name"": ""Dried Oregano"", ""source_measure"": ""1 tsp""}, {""canonical_name"": ""coriander"", ""category"": ""Seasoning"", ""quantity"": 1.0, ""unit"": ""tsp"", ""optional"": false, ""source_name"": ""Coriander"", ""source_measure"": ""1 tsp""}, {""canonical_name"": ""paprika"", ""category"": ""Seasoning"", ""quantity"": 1.0, ""unit"": ""tsp"", ""optional"": false, ""source_name"": ""Paprika"", ""source_measure"": ""1 tsp""}, {""canonical_name"": ""red wine vinegar"", ""category"": ""Condiments"", ""quantity"": 4.0, ""unit"": ""tbsp"", ""optional"": false, ""source_name"": ""Red Wine Vinegar / Red Wine Vinegar"", ""source_measure"": ""2 tbs / 2 tbs""}, {""canonical_name"": ""oil"", ""category"": ""Oil"", ""quantity"": 2.0, ""unit"": ""tbsp"", ""optional"": false, ""source_name"": ""Oil"", ""source_measure"": ""2 tbs""}, {""canonical_name"": ""red onions"", ""category"": ""Vegetables"", ""quantity"": 1.0, ""unit"": ""sliced"", ""optional"": false, ""source_name"": ""Red Onions"", ""source_measure"": ""1 sliced""}, {""canonical_name"": ""carrot"", ""category"": ""Vegetables"", ""quantity"": 2.0, ""unit"": null, ""optional"": false, ""source_name"": ""Carrots"", ""source_measure"": ""2""}, {""canonical_name"": ""beetroot"", ""category"": ""Vegetables"", ""quantity"": 1.0, ""unit"": null, ""optional"": false, ""source_name"": ""Beetroot"", ""source_measure"": ""1""}, {""canonical_name"": ""cabbage"", ""category"": ""Vegetables"", ""quantity"": 4.0, ""unit"": ""leaves"", ""optional"": false, ""source_name"": ""Cabbage"", ""source_measure"": ""4 leaves""}, {""canonical_name"": ""mayonnaise"", ""category"": ""Condiments"", ""quantity"": 2.0, ""unit"": ""tbsp"", ""optional"": false, ""source_name"": ""Mayonnaise"", ""source_measure"": ""2 tbs""}, {""canonical_name"": ""greek yogurt"", ""category"": ""Dairy"", ""quantity"": 2.0, ""unit"": ""tbsp"", ""optional"": false, ""source_name"": ""Greek Yogurt"", ""source_measure"": ""2 tbs""}, {""canonical_name"": ""cumin seeds"", ""category"": ""Seasoning"", ""quantity"": 1.0, ""unit"": ""tsp"", ""optional"": false, ""source_name"": ""Cumin Seeds"", ""source_measure"": ""1 tsp""}]","[{""step_number"": 1, ""instruction"": ""Whizz together all of the marinade ingredients in a small food processor. Rub the marinade onto the chicken and leave for 1 hour at room temperature.""}, {""step_number"": 2, ""instruction"": ""Heat the oven to 190C/fan 170C/gas 5. Put the chicken in a roasting tray and cook for 1 hour 20 minutes. Rest under loose foil for 20 minutes. While the chicken is resting, mix together the slaw ingredients and season. Serve the chicken with slaw, fries and condiments.""}]",https://www.olivemagazine.com/recipes/family/piri-piri-chicken-and-winter-slaw/,https://www.youtube.com/watch?v=_RKwKjskopk,2026-10-02T09:17:34.157519+00:00,"Source omits servings, prep/cook times and difficulty; blanks import as SQL NULL. Description generated from source category/cuisine. Ingredient categories and balance groups assigned locally.",TheMealDB (https://www.themealdb.com); API terms: https://www.themealdb.com/terms_of_use.php,,
53540,Chicken,,chicken,Pollo en Salsa,International chicken recipe from TheMealDB.,,,,,https://www.themealdb.com/images/media/meals/4o13oe1784396585.jpg,https://www.themealdb.com/meal/53540,"[""chicken"", ""unknown"", ""ingredient:chicken""]","[{""canonical_name"": ""chicken thighs"", ""category"": ""Protein"", ""quantity"": 4.0, ""unit"": null, ""optional"": false, ""source_name"": ""Chicken Thighs"", ""source_measure"": ""4""}, {""canonical_name"": ""oregano"", ""category"": ""Seasoning"", ""quantity"": 1.0, ""unit"": ""tsp"", ""optional"": false, ""source_name"": ""Oregano"", ""source_measure"": ""1 tsp""}, {""canonical_name"": ""cumin"", ""category"": ""Seasoning"", ""quantity"": 1.0, ""unit"": ""tsp"", ""optional"": false, ""source_name"": ""Cumin"", ""source_measure"": ""1 tsp""}, {""canonical_name"": ""salt"", ""category"": ""Seasoning"", ""quantity"": 1.0, ""unit"": ""tsp"", ""optional"": false, ""source_name"": ""Salt"", ""source_measure"": ""1 tsp""}, {""canonical_name"": ""pepper"", ""category"": ""Vegetables"", ""quantity"": 1.0, ""unit"": ""tsp"", ""optional"": false, ""source_name"": ""Pepper"", ""source_measure"": ""1 tsp""}, {""canonical_name"": ""achiote paste"", ""category"": ""Condiments"", ""quantity"": 1.5, ""unit"": ""tsp"", ""optional"": false, ""source_name"": ""Achiote Paste"", ""source_measure"": ""1 1/2 tsp""}, {""canonical_name"": ""garlic"", ""category"": ""Vegetables"", ""quantity"": null, ""unit"": null, ""optional"": false, ""source_name"": ""Garlic"", ""source_measure"": ""4 Cloves Crushed""}, {""canonical_name"": ""onion"", ""category"": ""Vegetables"", ""quantity"": 1.0, ""unit"": ""medium"", ""optional"": false, ""source_name"": ""Onion"", ""source_measure"": ""1 medium""}, {""canonical_name"": ""tomato"", ""category"": ""Vegetables"", ""quantity"": 1.0, ""unit"": ""large"", ""optional"": false, ""source_name"": ""Tomato"", ""source_measure"": ""1 large""}, {""canonical_name"": ""bell pepper"", ""category"": ""Vegetables"", ""quantity"": 0.5, ""unit"": null, ""optional"": false, ""source_name"": ""Red Pepper"", ""source_measure"": ""1/2""}, {""canonical_name"": ""chicken stock"", ""category"": ""Protein"", ""quantity"": 2.0, ""unit"": ""cup"", ""optional"": false, ""source_name"": ""Chicken Stock"", ""source_measure"": ""2 cups""}]","[{""step_number"": 1, ""instruction"": ""Chopped pepper, onion and tomato and set aside. Turn on Instant Pot in sauteed setting for 8 minutes. Add a little bit of olive oil and add, onion, garlic, tomato, bell pepper, cumin, oregano salt and pepper and sauteed for 4 minutes.""}, {""step_number"": 2, ""instruction"": ""​""}, {""step_number"": 3, ""instruction"": ""Add the chicken and cook for 2 minutes on each side often, mixing often. Add the chicken stock , cover and set the pressure cooker on high for 20 minutes. When done release the pressure and if need it, add a little bit more salt. I like to serve it with some of the juice over rice and beans.""}]",https://www.recipesfromcostarica.com/recipes,,2026-10-02T09:17:34.157519+00:00,"Source omits servings, prep/cook times and difficulty; blanks import as SQL NULL. Description generated from source category/cuisine. Ingredient categories and balance groups assigned locally.",TheMealDB (https://www.themealdb.com); API terms: https://www.themealdb.com/terms_of_use.php,,
52933,Chicken,Canadian,chicken,Rappie Pie,Canadian chicken recipe from TheMealDB.,,,,,https://www.themealdb.com/images/media/meals/ruwpww1511817242.jpg,https://www.themealdb.com/meal/52933,"[""chicken"", ""canadian"", ""ingredient:chicken"", ""pie""]","[{""canonical_name"": ""butter"", ""category"": ""Dairy"", ""quantity"": 2.0, ""unit"": ""tbsp"", ""optional"": false, ""source_name"": ""Butter"", ""source_measure"": ""2 tbs""}, {""canonical_name"": ""onion"", ""category"": ""Vegetables"", ""quantity"": 2.0, ""unit"": ""chopped"", ""optional"": false, ""source_name"": ""Onions"", ""source_measure"": ""2 chopped""}, {""canonical_name"": ""chicken stock"", ""category"": ""Protein"", ""quantity"": 4.0, ""unit"": ""qt"", ""optional"": false, ""source_name"": ""Chicken Stock"", ""source_measure"": ""4 qt""}, {""canonical_name"": ""chicken breast"", ""category"": ""Protein"", ""quantity"": 1.5, ""unit"": ""kg"", ""optional"": false, ""source_name"": ""Chicken Breast"", ""source_measure"": ""1.5kg""}, {""canonical_name"": ""potato"", ""category"": ""Vegetables"", ""quantity"": 4.0, ""unit"": ""kg"", ""optional"": false, ""source_name"": ""Potatoes"", ""source_measure"": ""4kg""}, {""canonical_name"": ""salt"", ""category"": ""Seasoning"", ""quantity"": 2.0, ""unit"": ""tbsp"", ""optional"": false, ""source_name"": ""Salt"", ""source_measure"": ""2 tbs""}, {""canonical_name"": ""black pepper"", ""category"": ""Vegetables"", ""quantity"": 1.0, ""unit"": ""tbsp"", ""optional"": false, ""source_name"": ""Black Pepper"", ""source_measure"": ""1tbsp""}]","[{""step_number"": 1, ""instruction"": ""Preheat oven to 400 degrees F (200 degrees C). Grease a 10x14x2-inch baking pan.""}, {""step_number"": 2, ""instruction"": ""Heat margarine in a skillet over medium heat; stir in onion. Cook and stir until onion has softened and turned translucent, about 5 minutes. Reduce heat to low and continue to cook and stir until onion is very tender and dark brown, about 40 minutes more.""}, {""step_number"": 3, ""instruction"": ""Bring chicken broth to a boil in a large pot; stir in chicken breasts, reduce heat, and simmer until chicken is no longer pink at the center, about 20 minutes. Remove from heat. Remove chicken breasts to a plate using a slotted spoon; reserve broth.""}, {""step_number"": 4, ""instruction"": ""Juice potatoes with an electric juicer; place dry potato flesh into a bowl and discard juice. Stir salt and pepper into potatoes; stir in enough reserved broth to make the mixture the consistency of oatmeal. Set remaining broth aside.""}, {""step_number"": 5, ""instruction"": ""Spread half of potato mixture evenly into the prepared pan. Lay cooked chicken breast evenly over potatoes; scatter caramelized onion evenly over chicken. Spread remaining potato mixture over onions and chicken to cover.""}, {""step_number"": 6, ""instruction"": ""Bake in the preheated oven until golden brown, about 1 hour. Reheat chicken broth; pour over individual servings as desired.""}]",http://allrecipes.com/recipe/234025/rappie-pie/,https://www.youtube.com/watch?v=Ys2kZnTVXAM,2026-10-02T09:17:34.157519+00:00,"Source omits servings, prep/cook times and difficulty; blanks import as SQL NULL. Description generated from source category/cuisine. Ingredient categories and balance groups assigned locally.",TheMealDB (https://www.themealdb.com); API terms: https://www.themealdb.com/terms_of_use.php,,
53214,Chicken,Thai,chicken,Thai green chicken soup,Thai chicken recipe from TheMealDB.,,,,,https://www.themealdb.com/images/media/meals/7kb44y1763589084.jpg,https://www.themealdb.com/meal/53214,"[""chicken"", ""thai"", ""ingredient:chicken"", ""soup""]","[{""canonical_name"": ""sunflower oil"", ""category"": ""Oil"", ""quantity"": 2.0, ""unit"": ""tblsp"", ""optional"": false, ""source_name"": ""Sunflower Oil"", ""source_measure"": ""2 tblsp""}, {""canonical_name"": ""onion"", ""category"": ""Vegetables"", ""quantity"": 1.0, ""unit"": ""chopped"", ""optional"": false, ""source_name"": ""Onion"", ""source_measure"": ""1 chopped""}, {""canonical_name"": ""chicken thighs"", ""category"": ""Protein"", ""quantity"": 500.0, ""unit"": ""g"", ""optional"": false, ""source_name"": ""Chicken Thighs"", ""source_measure"": ""500g""}, {""canonical_name"": ""garlic"", ""category"": ""Vegetables"", ""quantity"": 4.0, ""unit"": ""sliced"", ""optional"": false, ""source_name"": ""Garlic Clove"", ""source_measure"": ""4 sliced""}, {""canonical_name"": ""thai green curry paste"", ""category"": ""Condiments"", ""quantity"": 280.0, ""unit"": ""g"", ""optional"": false, ""source_name"": ""Thai Green Curry Paste"", ""source_measure"": ""280g""}, {""canonical_name"": ""coconut milk"", ""category"": ""Other"", ""quantity"": 400.0, ""unit"": ""ml"", ""optional"": false, ""source_name"": ""Coconut Milk"", ""source_measure"": ""400ml""}, {""canonical_name"": ""chicken stock"", ""category"": ""Protein"", ""quantity"": 2.0, ""unit"": ""l"", ""optional"": false, ""source_name"": ""Chicken Stock"", ""source_measure"": ""2 Litres""}, {""canonical_name"": ""lime leaves"", ""category"": ""Other"", ""quantity"": 5.0, ""unit"": null, ""optional"": false, ""source_name"": ""Lime Leaves"", ""source_measure"": ""5""}, {""canonical_name"": ""fish sauce"", ""category"": ""Protein"", ""quantity"": 2.0, ""unit"": ""tblsp"", ""optional"": false, ""source_name"": ""Fish Sauce"", ""source_measure"": ""2 tblsp""}, {""canonical_name"": ""green onion"", ""category"": ""Vegetables"", ""quantity"": 1.0, ""unit"": ""bunch"", ""optional"": false, ""source_name"": ""Spring Onions"", ""source_measure"": ""1  bunch""}, {""canonical_name"": ""green beans"", ""category"": ""Legumes"", ""quantity"": 280.0, ""unit"": ""g"", ""optional"": false, ""source_name"": ""Green Beans"", ""source_measure"": ""280g""}, {""canonical_name"": ""bamboo shoot"", ""category"": ""Other"", ""quantity"": 150.0, ""unit"": ""g"", ""optional"": false, ""source_name"": ""Bamboo Shoot"", ""source_measure"": ""150g""}, {""canonical_name"": ""lime"", ""category"": ""Fruit"", ""quantity"": null, ""unit"": null, ""optional"": false, ""source_name"": ""Lime"", ""source_measure"": ""Juice of 2""}, {""canonical_name"": ""basil"", ""category"": ""Seasoning"", ""quantity"": null, ""unit"": null, ""optional"": false, ""source_name"": ""Basil"", ""source_measure"": ""Bunch""}]","[{""step_number"": 1, ""instruction"": ""Heat the oil in your largest pan, add the onion and fry for 3 mins to soften. Add the chicken and garlic, and cook until the chicken changes colour.""}, {""step_number"": 2, ""instruction"": ""Add the curry paste, coconut milk, stock, lime leaves and fish sauce, then simmer for 12 mins. Add the chopped onion tops, green beans and bamboo shoots and cook for 4-6 mins, until the beans are just tender.""}, {""step_number"": 3, ""instruction"": ""Meanwhile, put the lime juice and basil in a narrow jug and blitz with a hand blender to make a smooth green paste. Pour into the soup with the sliced spring onion and heat through. Serve with lime wedges for a light lunch or supper or as a make-ahead starter.""}]",https://www.bbcgoodfood.com/recipes/thai-green-chicken-soup,https://www.youtube.com/watch?v=3s4Yitd546w,2026-10-02T09:17:34.157519+00:00,"Source omits servings, prep/cook times and difficulty; blanks import as SQL NULL. Description generated from source category/cuisine. Ingredient categories and balance groups assigned locally.",TheMealDB (https://www.themealdb.com); API terms: https://www.themealdb.com/terms_of_use.php,,
52768,Dessert,British,fruit,Apple Frangipan Tart,British dessert recipe from TheMealDB.,,,,,https://www.themealdb.com/images/media/meals/wxywrq1468235067.jpg,https://www.themealdb.com/meal/52768,"[""dessert"", ""british"", ""ingredient:fruit"", ""tart"", ""baking"", ""fruity""]","[{""canonical_name"": ""digestive biscuits"", ""category"": ""Other"", ""quantity"": null, ""unit"": null, ""optional"": false, ""source_name"": ""digestive biscuits"", ""source_measure"": ""175g/6oz""}, {""canonical_name"": ""butter"", ""category"": ""Dairy"", ""quantity"": null, ""unit"": null, ""optional"": false, ""source_name"": ""butter"", ""source_measure"": ""75g/3oz""}, {""canonical_name"": ""bramley apples"", ""category"": ""Fruit"", ""quantity"": null, ""unit"": null, ""optional"": false, ""source_name"": ""Bramley apples"", ""source_measure"": ""200g/7oz""}, {""canonical_name"": ""salted butter"", ""category"": ""Dairy"", ""quantity"": null, ""unit"": null, ""optional"": false, ""source_name"": ""Salted Butter"", ""source_measure"": ""75g/3oz""}, {""canonical_name"": ""caster sugar"", ""category"": ""Seasoning"", ""quantity"": null, ""unit"": null, ""optional"": false, ""source_name"": ""caster sugar"", ""source_measure"": ""75g/3oz""}, {""canonical_name"": ""egg"", ""category"": ""Protein"", ""quantity"": 2.0, ""unit"": null, ""optional"": false, ""source_name"": ""free-range eggs, beaten"", ""source_measure"": ""2""}, {""canonical_name"": ""ground almonds"", ""category"": ""Other"", ""quantity"": null, ""unit"": null, ""optional"": false, ""source_name"": ""ground almonds"", ""source_measure"": ""75g/3oz""}, {""canonical_name"": ""almond extract"", ""category"": ""Other"", ""quantity"": 1.0, ""unit"": ""tsp"", ""optional"": false, ""source_name"": ""almond extract"", ""source_measure"": ""1 tsp""}, {""canonical_name"": ""flaked almonds"", ""category"": ""Other"", ""quantity"": null, ""unit"": null, ""optional"": false, ""source_name"": ""flaked almonds"", ""source_measure"": ""50g/1¾oz""}]","[{""step_number"": 1, ""instruction"": ""Preheat the oven to 200C/180C Fan/Gas 6.""}, {""step_number"": 2, ""instruction"": ""Put the biscuits in a large re-sealable freezer bag and bash with a rolling pin into fine crumbs. Melt the butter in a small pan, then add the biscuit crumbs and stir until coated with butter. Tip into the tart tin and, using the back of a spoon, press over the base and sides of the tin to give an even layer. Chill in the fridge while you make the filling.""}, {""step_number"": 3, ""instruction"": ""Cream together the butter and sugar until light and fluffy. You can do this in a food processor if you have one. Process for 2-3 minutes. Mix in the eggs, then add the ground almonds and almond extract and blend until well combined.""}, {""step_number"": 4, ""instruction"": ""Peel the apples, and cut thin slices of apple. Do this at the last minute to prevent the apple going brown. Arrange the slices over the biscuit base. Spread the frangipane filling evenly on top. Level the surface and sprinkle with the flaked almonds.""}, {""step_number"": 5, ""instruction"": ""Bake for 20-25 minutes until golden-brown and set.""}, {""step_number"": 6, ""instruction"": ""Remove from the oven and leave to cool for 15 minutes. Remove the sides of the tin. An easy way to do this is to stand the tin on a can of beans and push down gently on the edges of the tin.""}, {""step_number"": 7, ""instruction"": ""Transfer the tart, with the tin base attached, to a serving plate. Serve warm with cream, crème fraiche or ice cream.""}]",,https://www.youtube.com/watch?v=rp8Slv4INLk,2026-10-02T09:17:34.157519+00:00,"Source omits servings, prep/cook times and difficulty; blanks import as SQL NULL. Description generated from source category/cuisine. Ingredient categories and balance groups assigned locally.",TheMealDB (https://www.themealdb.com); API terms: https://www.themealdb.com/terms_of_use.php,,
53575,Dessert,,fruit,Apple Pie,International dessert recipe from TheMealDB.,,,,,https://www.themealdb.com/images/media/meals/stnxzp1784835840.jpg,https://www.themealdb.com/meal/53575,"[""dessert"", ""unknown"", ""ingredient:fruit""]","[{""canonical_name"": ""apple"", ""category"": ""Fruit"", ""quantity"": 4.0, ""unit"": null, ""optional"": false, ""source_name"": ""Apples"", ""source_measure"": ""4""}, {""canonical_name"": ""egg"", ""category"": ""Protein"", ""quantity"": 2.0, ""unit"": null, ""optional"": false, ""source_name"": ""Eggs"", ""source_measure"": ""2""}, {""canonical_name"": ""sugar"", ""category"": ""Seasoning"", ""quantity"": 125.0, ""unit"": ""ml"", ""optional"": false, ""source_name"": ""Sugar"", ""source_measure"": ""125ml""}, {""canonical_name"": ""flour"", ""category"": ""Grains"", ""quantity"": 1.5, ""unit"": ""cup"", ""optional"": false, ""source_name"": ""Flour"", ""source_measure"": ""1 1/2 cups""}, {""canonical_name"": ""salt"", ""category"": ""Seasoning"", ""quantity"": 0.5, ""unit"": ""tsp"", ""optional"": false, ""source_name"": ""Salt"", ""source_measure"": ""1/2 tsp""}, {""canonical_name"": ""bicarbonate of soda"", ""category"": ""Other"", ""quantity"": 1.0, ""unit"": ""tsp"", ""optional"": false, ""source_name"": ""Bicarbonate Of Soda"", ""source_measure"": ""1 tsp""}, {""canonical_name"": ""sour milk"", ""category"": ""Dairy"", ""quantity"": 250.0, ""unit"": ""ml"", ""optional"": false, ""source_name"": ""Sour Milk"", ""source_measure"": ""250ml""}]","[{""step_number"": 1, ""instruction"": ""Peel and clean apples/rhubarb, cut in to a slices""}, {""step_number"": 2, ""instruction"": ""beat eggs and sugar together into a light foam""}, {""step_number"": 3, ""instruction"": ""Mix together flour, salt and baking powder""}, {""step_number"": 4, ""instruction"": ""Add  the dry ingredients to the egg mixture and add sour milk gradually while stirring,  Add berries.""}, {""step_number"": 5, ""instruction"": ""Pour dough in to a butter greased pan. Sprinkle over sugar (and cinnamon). Bake at 180 C for 30 minute""}]",https://estoniancuisine.com/2017/07/07/soft-grandmothers-apple-or-rhubarb-pie/,,2026-10-02T09:17:34.157519+00:00,"Source omits servings, prep/cook times and difficulty; blanks import as SQL NULL. Description generated from source category/cuisine. Ingredient categories and balance groups assigned locally.",TheMealDB (https://www.themealdb.com); API terms: https://www.themealdb.com/terms_of_use.php,,
53522,Dessert,,rice,Arroz con Leche Recipe,International dessert recipe from TheMealDB.,,,,,https://www.themealdb.com/images/media/meals/jp09191782856005.jpg,https://www.themealdb.com/meal/53522,"[""dessert"", ""unknown"", ""ingredient:rice""]","[{""canonical_name"": ""rice"", ""category"": ""Grains"", ""quantity"": 1.0, ""unit"": ""cup"", ""optional"": false, ""source_name"": ""Rice"", ""source_measure"": ""1 cup""}, {""canonical_name"": ""cinnamon stick"", ""category"": ""Seasoning"", ""quantity"": 4.0, ""unit"": null, ""optional"": false, ""source_name"": ""Cinnamon Stick"", ""source_measure"": ""4""}, {""canonical_name"": ""water"", ""category"": ""Other"", ""quantity"": 2.0, ""unit"": ""cup"", ""optional"": false, ""source_name"": ""Water"", ""source_measure"": ""2 cups""}, {""canonical_name"": ""milk"", ""category"": ""Dairy"", ""quantity"": 4.0, ""unit"": ""cup"", ""optional"": false, ""source_name"": ""Milk"", ""source_measure"": ""4 cups""}, {""canonical_name"": ""salt"", ""category"": ""Seasoning"", ""quantity"": null, ""unit"": null, ""optional"": false, ""source_name"": ""Salt"", ""source_measure"": ""Pinch""}, {""canonical_name"": ""butter"", ""category"": ""Dairy"", ""quantity"": 2.0, ""unit"": ""tbsp"", ""optional"": false, ""source_name"": ""Butter"", ""source_measure"": ""2 tablespoons""}, {""canonical_name"": ""vanilla extract"", ""category"": ""Other"", ""quantity"": 2.0, ""unit"": ""tbsp"", ""optional"": false, ""source_name"": ""Vanilla Extract"", ""source_measure"": ""2 tablespoons""}, {""canonical_name"": ""sugar"", ""category"": ""Seasoning"", ""quantity"": 1.0, ""unit"": ""cup"", ""optional"": false, ""source_name"": ""Sugar"", ""source_measure"": ""1 cup""}, {""canonical_name"": ""condensed milk"", ""category"": ""Dairy"", ""quantity"": 12.0, ""unit"": ""oz"", ""optional"": false, ""source_name"": ""Condensed Milk"", ""source_measure"": ""12 ounces""}]","[{""step_number"": 1, ""instruction"": ""In a small pot, add water and cinnamon sticks, bring to a boil and cook for 10 minutes. Set aside and discard cinnamon sticks.""}, {""step_number"": 2, ""instruction"": ""Place the rice and the cinnamon water in a large saucepan, over medium heat and cook for 5 minutes.""}, {""step_number"": 3, ""instruction"": ""Add salt, butter, vanilla extract, 2 cups of milk, and sugar. Stir well to mix and cook uncovered for approximately 15 minutes.""}, {""step_number"": 4, ""instruction"": ""Reduce heat to medium low. Add the remaining milk and condensed milk. Stir with a wooden spoon. Cook for 1 hour and 15 minutes, or until the rice pudding thickens to desire consistency.""}, {""step_number"": 5, ""instruction"": ""Stir well and remove from heat, and let it cool at room temperature. The consistency should be very creamy. Refrigerate for a least 1 hour or overnight.""}]",https://www.mycolombianrecipes.com/arroz-con-leche-rice-pudding/,,2026-10-02T09:17:34.157519+00:00,"Source omits servings, prep/cook times and difficulty; blanks import as SQL NULL. Description generated from source category/cuisine. Ingredient categories and balance groups assigned locally.",TheMealDB (https://www.themealdb.com); API terms: https://www.themealdb.com/terms_of_use.php,,
52792,Dessert,British,fruit,Bread and Butter Pudding,British dessert recipe from TheMealDB.,,,,,https://www.themealdb.com/images/media/meals/xqwwpy1483908697.jpg,https://www.themealdb.com/meal/52792,"[""dessert"", ""british"", ""ingredient:fruit"", ""pudding"", ""brunch""]","[{""canonical_name"": ""butter"", ""category"": ""Dairy"", ""quantity"": null, ""unit"": null, ""optional"": false, ""source_name"": ""butter"", ""source_measure"": ""25g/1oz""}, {""canonical_name"": ""bread"", ""category"": ""Grains"", ""quantity"": null, ""unit"": null, ""optional"": false, ""source_name"": ""bread"", ""source_measure"": ""8 thin slices""}, {""canonical_name"": ""sultanas"", ""category"": ""Fruit"", ""quantity"": null, ""unit"": null, ""optional"": false, ""source_name"": ""sultanas"", ""source_measure"": ""50g/2oz""}, {""canonical_name"": ""cinnamon"", ""category"": ""Seasoning"", ""quantity"": 2.0, ""unit"": ""tsp"", ""optional"": false, ""source_name"": ""cinnamon"", ""source_measure"": ""2 tsp""}, {""canonical_name"": ""milk"", ""category"": ""Dairy"", ""quantity"": null, ""unit"": null, ""optional"": false, ""source_name"": ""milk"", ""source_measure"": ""350ml/12fl""}, {""canonical_name"": ""double cream"", ""category"": ""Dairy"", ""quantity"": null, ""unit"": null, ""optional"": false, ""source_name"": ""double cream"", ""source_measure"": ""50ml/2fl oz""}, {""canonical_name"": ""egg"", ""category"": ""Protein"", ""quantity"": null, ""unit"": null, ""optional"": false, ""source_name"": ""eggs"", ""source_measure"": ""2 free-range""}, {""canonical_name"": ""sugar"", ""category"": ""Seasoning"", ""quantity"": null, ""unit"": null, ""optional"": false, ""source_name"": ""sugar"", ""source_measure"": ""25g/1oz""}, {""canonical_name"": ""nutmeg"", ""category"": ""Other"", ""quantity"": null, ""unit"": null, ""optional"": false, ""source_name"": ""nutmeg"", ""source_measure"": ""grated, to taste""}]","[{""step_number"": 1, ""instruction"": ""Grease a 1 litre/2 pint pie dish with butter.""}, {""step_number"": 2, ""instruction"": ""Cut the crusts off the bread. Spread each slice with on one side with butter, then cut into triangles.""}, {""step_number"": 3, ""instruction"": ""Arrange a layer of bread, buttered-side up, in the bottom of the dish, then add a layer of sultanas. Sprinkle with a little cinnamon, then repeat the layers of bread and sultanas, sprinkling with cinnamon, until you have used up all of the bread. Finish with a layer of bread, then set aside.""}, {""step_number"": 4, ""instruction"": ""Gently warm the milk and cream in a pan over a low heat to scalding point. Don't let it boil.""}, {""step_number"": 5, ""instruction"": ""Crack the eggs into a bowl, add three quarters of the sugar and lightly whisk until pale.""}, {""step_number"": 6, ""instruction"": ""Add the warm milk and cream mixture and stir well, then strain the custard into a bowl.""}, {""step_number"": 7, ""instruction"": ""Pour the custard over the prepared bread layers and sprinkle with nutmeg and the remaining sugar and leave to stand for 30 minutes.""}, {""step_number"": 8, ""instruction"": ""Preheat the oven to 180C/355F/Gas 4.""}, {""step_number"": 9, ""instruction"": ""Place the dish into the oven and bake for 30-40 minutes, or until the custard has set and the top is golden-brown.""}]",https://cooking.nytimes.com/recipes/1018529-coq-au-vin,https://www.youtube.com/watch?v=Vz5W1-BmOE4,2026-10-02T09:17:34.157519+00:00,"Source omits servings, prep/cook times and difficulty; blanks import as SQL NULL. Description generated from source category/cuisine. Ingredient categories and balance groups assigned locally.",TheMealDB (https://www.themealdb.com); API terms: https://www.themealdb.com/terms_of_use.php,,
52966,Dessert,British,rice,Chocolate Caramel Crispy,British dessert recipe from TheMealDB.,,,,,https://www.themealdb.com/images/media/meals/1550442508.jpg,https://www.themealdb.com/meal/52966,"[""dessert"", ""british"", ""ingredient:rice"", ""sweet"", ""snack"", ""treat"", ""tart"", ""alcoholic"", ""bbq""]","[{""canonical_name"": ""mars bar"", ""category"": ""Other"", ""quantity"": 6.0, ""unit"": ""chopped"", ""optional"": false, ""source_name"": ""Mars Bar"", ""source_measure"": ""6 chopped""}, {""canonical_name"": ""butter"", ""category"": ""Dairy"", ""quantity"": 150.0, ""unit"": ""g"", ""optional"": false, ""source_name"": ""Butter"", ""source_measure"": ""150g""}, {""canonical_name"": ""rice krispies"", ""category"": ""Grains"", ""quantity"": 120.0, ""unit"": ""g"", ""optional"": false, ""source_name"": ""Rice Krispies"", ""source_measure"": ""120g""}, {""canonical_name"": ""milk chocolate"", ""category"": ""Dairy"", ""quantity"": 150.0, ""unit"": ""g"", ""optional"": false, ""source_name"": ""Milk Chocolate"", ""source_measure"": ""150g""}]","[{""step_number"": 1, ""instruction"": ""Grease and line a 20 x 20cm/8\"" x 8\"" baking tin with parchment paper.""}, {""step_number"": 2, ""instruction"": ""Put the mars bars and butter in a heat proof bowl and place over a pan of barely simmering water. Mixing with a whisk, melt until the mixture is smooth.""}, {""step_number"": 3, ""instruction"": ""Pour over the rice krispies in a mixing bowl and mix until all the ingredients are evenly combined. Press evenly into the prepare baking tin and set aside.""}, {""step_number"": 4, ""instruction"": ""Melt the milk chocolate in the microwave or over a pan of barely simmering water.""}, {""step_number"": 5, ""instruction"": ""Spread the melted chocolate over the rice krispie mixture and leave to set in a cool place. Once set slice into squares and serve!""}]",http://www.donalskehan.com/recipes/chocolate-caramel-rice-crispy-treats/,https://www.youtube.com/watch?v=qsk_At_gjv0,2026-10-02T09:17:34.157519+00:00,"Source omits servings, prep/cook times and difficulty; blanks import as SQL NULL. Description generated from source category/cuisine. Ingredient categories and balance groups assigned locally.",TheMealDB (https://www.themealdb.com); API terms: https://www.themealdb.com/terms_of_use.php,,
53386,Dessert,Netherlands,fruit,Dutch Apple Pie,Netherlands dessert recipe from TheMealDB.,,,,,https://www.themealdb.com/images/media/meals/zy4fs51777540384.jpg,https://www.themealdb.com/meal/53386,"[""dessert"", ""netherlands"", ""ingredient:fruit""]","[{""canonical_name"": ""butter"", ""category"": ""Dairy"", ""quantity"": 175.0, ""unit"": ""g"", ""optional"": false, ""source_name"": ""Butter"", ""source_measure"": ""175g""}, {""canonical_name"": ""egg yolk"", ""category"": ""Protein"", ""quantity"": 2.0, ""unit"": null, ""optional"": false, ""source_name"": ""Egg Yolks"", ""source_measure"": ""2""}, {""canonical_name"": ""flour"", ""category"": ""Grains"", ""quantity"": 300.0, ""unit"": ""g"", ""optional"": false, ""source_name"": ""Flour"", ""source_measure"": ""300g""}, {""canonical_name"": ""sugar"", ""category"": ""Seasoning"", ""quantity"": 200.0, ""unit"": ""g"", ""optional"": false, ""source_name"": ""Sugar"", ""source_measure"": ""200g""}, {""canonical_name"": ""salt"", ""category"": ""Seasoning"", ""quantity"": null, ""unit"": null, ""optional"": false, ""source_name"": ""Salt"", ""source_measure"": ""Pinch""}, {""canonical_name"": ""cinnamon"", ""category"": ""Seasoning"", ""quantity"": 1.0, ""unit"": null, ""optional"": false, ""source_name"": ""Cinnamon"", ""source_measure"": ""1""}, {""canonical_name"": ""raisins"", ""category"": ""Fruit"", ""quantity"": 100.0, ""unit"": ""g"", ""optional"": false, ""source_name"": ""Raisins"", ""source_measure"": ""100g""}, {""canonical_name"": ""apple"", ""category"": ""Fruit"", ""quantity"": 6.0, ""unit"": null, ""optional"": false, ""source_name"": ""Apples"", ""source_measure"": ""6""}, {""canonical_name"": ""cold water"", ""category"": ""Other"", ""quantity"": 1.0, ""unit"": ""tbsp"", ""optional"": false, ""source_name"": ""Cold Water"", ""source_measure"": ""1 tablespoon""}]","[{""step_number"": 1, ""instruction"": ""Add the flour, 150 gr of the sugar, pinch of salt and 1 egg yolk in the bowl of a food processor. Cut the butter into small cubes and add to the bowl. Turn this into a firm dough. Don't over process, you do not want the dough to turn warm. Check if it sticks by pinching it between your fingers.""}, {""step_number"": 2, ""instruction"": ""Turn out onto a piece of plastic wrap. Make a round ball of it by using your hands and roll it into the plastic. Place into the fridge for half an hour to cool.""}, {""step_number"": 3, ""instruction"": ""Take a round baking tin of 22 cm diameter and cover this with baking paper. Brush the sides with butter.""}, {""step_number"": 4, ""instruction"": ""Preheat the oven to 170˚C (340˚F)""}, {""step_number"": 5, ""instruction"": ""Cut the apple into cubes and mix this with the raisins, the left over sugar and the cinnamon.""}, {""step_number"": 6, ""instruction"": ""Place the cooled dough on a flat surface sprinkled with flour and roll out into a thin sheet. Place this into the baking tin and cover the bottom and the sides well. I usually just press it into the tin without rolling it out. I find that the easiest way but it is less smooth. Just do whatever works for you.""}, {""step_number"": 7, ""instruction"": ""Make sure you keep 1/4 of the dough separate to form the strips on the top.""}, {""step_number"": 8, ""instruction"": ""Once the bottom and sides are covered with the dough, take the rusks and crumble them over the bottom. You can use breadcrumbs for this as well. Shake it a bit so it is divided equally across the bottom.""}, {""step_number"": 9, ""instruction"": ""Add the apple mixture and divide well over the tin. Rol out the rest of the dough and cut into strips. Place that over the top of the pie in a diamond shaped pattern. Brush the strokes and sides with the other egg yolk and place in the preaheated oven.""}, {""step_number"": 10, ""instruction"": ""Bake the apple pie for about 1 hour or until golden and cooked through. Leave to cool in the tin and make sure the sides are loose before opening the tin.""}]",https://insimoneskitchen.com/the-best-ever-apple-pie-recipe/#recipe,https://www.youtube.com/watch?v=MgI-_e4R53Y,2026-10-02T09:17:34.157519+00:00,"Source omits servings, prep/cook times and difficulty; blanks import as SQL NULL. Description generated from source category/cuisine. Ingredient categories and balance groups assigned locally.",TheMealDB (https://www.themealdb.com); API terms: https://www.themealdb.com/terms_of_use.php,,
52791,Dessert,British,fruit,Eton Mess,British dessert recipe from TheMealDB.,,,,,https://www.themealdb.com/images/media/meals/uuxwvq1483907861.jpg,https://www.themealdb.com/meal/52791,"[""dessert"", ""british"", ""ingredient:fruit"", ""dairy"", ""fruity"", ""desert"", ""treat"", ""speciality""]","[{""canonical_name"": ""strawberry"", ""category"": ""Fruit"", ""quantity"": 500.0, ""unit"": ""g"", ""optional"": false, ""source_name"": ""strawberries"", ""source_measure"": ""500g""}, {""canonical_name"": ""double cream"", ""category"": ""Dairy"", ""quantity"": 400.0, ""unit"": ""ml"", ""optional"": false, ""source_name"": ""double cream"", ""source_measure"": ""400ml""}, {""canonical_name"": ""meringue nests"", ""category"": ""Other"", ""quantity"": null, ""unit"": null, ""optional"": false, ""source_name"": ""meringue nests"", ""source_measure"": ""3 x 7.5cm""}, {""canonical_name"": ""ginger cordial"", ""category"": ""Seasoning"", ""quantity"": 1.0, ""unit"": ""tbsp"", ""optional"": false, ""source_name"": ""ginger cordial"", ""source_measure"": ""1 tbsp""}, {""canonical_name"": ""mint"", ""category"": ""Other"", ""quantity"": null, ""unit"": null, ""optional"": false, ""source_name"": ""Mint"", ""source_measure"": ""sprigs of fresh""}]","[{""step_number"": 1, ""instruction"": ""Purée half the strawberries in a blender. Chop the remaining strawberries, reserving four for decoration.""}, {""step_number"": 2, ""instruction"": ""Whip the double cream until stiff peaks form, then fold in the strawberry purée and crushed meringue. Fold in the chopped strawberries and ginger cordial, if using.""}, {""step_number"": 3, ""instruction"": ""Spoon equal amounts of the mixture into four cold wine glasses. Serve garnished with the remaining strawberries and a sprig of mint.""}]",,https://www.youtube.com/watch?v=43WgiNq54L8,2026-10-02T09:17:34.157519+00:00,"Source omits servings, prep/cook times and difficulty; blanks import as SQL NULL. Description generated from source category/cuisine. Ingredient categories and balance groups assigned locally.",TheMealDB (https://www.themealdb.com); API terms: https://www.themealdb.com/terms_of_use.php,,
52854,Dessert,United States,fruit,Pancakes,United States dessert recipe from TheMealDB.,,,,,https://www.themealdb.com/images/media/meals/rwuyqx1511383174.jpg,https://www.themealdb.com/meal/52854,"[""dessert"", ""united states"", ""ingredient:fruit"", ""breakfast"", ""desert"", ""sweet"", ""fruity""]","[{""canonical_name"": ""flour"", ""category"": ""Grains"", ""quantity"": 100.0, ""unit"": ""g"", ""optional"": false, ""source_name"": ""Flour"", ""source_measure"": ""100g""}, {""canonical_name"": ""egg"", ""category"": ""Protein"", ""quantity"": 2.0, ""unit"": ""large"", ""optional"": false, ""source_name"": ""Eggs"", ""source_measure"": ""2 large""}, {""canonical_name"": ""milk"", ""category"": ""Dairy"", ""quantity"": 300.0, ""unit"": ""ml"", ""optional"": false, ""source_name"": ""Milk"", ""source_measure"": ""300ml""}, {""canonical_name"": ""sunflower oil"", ""category"": ""Oil"", ""quantity"": 1.0, ""unit"": ""tbls"", ""optional"": false, ""source_name"": ""Sunflower Oil"", ""source_measure"": ""1 tbls""}, {""canonical_name"": ""sugar"", ""category"": ""Seasoning"", ""quantity"": null, ""unit"": null, ""optional"": false, ""source_name"": ""Sugar"", ""source_measure"": ""to serve""}, {""canonical_name"": ""raspberries"", ""category"": ""Fruit"", ""quantity"": null, ""unit"": null, ""optional"": false, ""source_name"": ""Raspberries"", ""source_measure"": ""to serve""}, {""canonical_name"": ""blueberries"", ""category"": ""Fruit"", ""quantity"": null, ""unit"": null, ""optional"": false, ""source_name"": ""Blueberries"", ""source_measure"": ""to serve""}]","[{""step_number"": 1, ""instruction"": ""Put the flour, eggs, milk, 1 tbsp oil and a pinch of salt into a bowl or large jug, then whisk to a smooth batter. Set aside for 30 mins to rest if you have time, or start cooking straight away.""}, {""step_number"": 2, ""instruction"": ""Set a medium frying pan or crêpe pan over a medium heat and carefully wipe it with some oiled kitchen paper. When hot, cook your pancakes for 1 min on each side until golden, keeping them warm in a low oven as you go.""}, {""step_number"": 3, ""instruction"": ""Serve with lemon wedges and sugar, or your favourite filling. Once cold, you can layer the pancakes between baking parchment, then wrap in cling film and freeze for up to 2 months.""}]",https://www.bbcgoodfood.com/recipes/2907669/easy-pancakes,https://www.youtube.com/watch?v=LWuuCndtJr0,2026-10-02T09:17:34.157519+00:00,"Source omits servings, prep/cook times and difficulty; blanks import as SQL NULL. Description generated from source category/cuisine. Ingredient categories and balance groups assigned locally.",TheMealDB (https://www.themealdb.com); API terms: https://www.themealdb.com/terms_of_use.php,,
52916,Dessert,France,fruit,Pear Tarte Tatin,France dessert recipe from TheMealDB.,,,,,https://www.themealdb.com/images/media/meals/rxvxrr1511797671.jpg,https://www.themealdb.com/meal/52916,"[""dessert"", ""france"", ""ingredient:fruit"", ""tart"", ""glazed"", ""baking""]","[{""canonical_name"": ""pears"", ""category"": ""Fruit"", ""quantity"": 8.0, ""unit"": null, ""optional"": false, ""source_name"": ""Pears"", ""source_measure"": ""8""}, {""canonical_name"": ""caster sugar"", ""category"": ""Seasoning"", ""quantity"": 100.0, ""unit"": ""g"", ""optional"": false, ""source_name"": ""Caster Sugar"", ""source_measure"": ""100g""}, {""canonical_name"": ""butter"", ""category"": ""Dairy"", ""quantity"": 100.0, ""unit"": ""g"", ""optional"": false, ""source_name"": ""Butter"", ""source_measure"": ""100g""}, {""canonical_name"": ""star anise"", ""category"": ""Other"", ""quantity"": 2.0, ""unit"": null, ""optional"": false, ""source_name"": ""Star Anise"", ""source_measure"": ""2""}, {""canonical_name"": ""cardamom"", ""category"": ""Other"", ""quantity"": 3.0, ""unit"": ""pods"", ""optional"": false, ""source_name"": ""Cardamom"", ""source_measure"": ""3 Pods""}, {""canonical_name"": ""cinnamon"", ""category"": ""Seasoning"", ""quantity"": 1.0, ""unit"": ""large"", ""optional"": false, ""source_name"": ""Cinnamon"", ""source_measure"": ""1 large""}, {""canonical_name"": ""brandy"", ""category"": ""Other"", ""quantity"": 2.0, ""unit"": ""tbsp"", ""optional"": false, ""source_name"": ""Brandy"", ""source_measure"": ""2 tbs""}, {""canonical_name"": ""puff pastry"", ""category"": ""Grains"", ""quantity"": 500.0, ""unit"": ""g"", ""optional"": false, ""source_name"": ""Puff Pastry"", ""source_measure"": ""500g""}]","[{""step_number"": 1, ""instruction"": ""Core the pears, then peel as neatly as possible and halve. If you like, they can be prepared up to a day ahead and kept in the fridge, uncovered, so that they dry out.""}, {""step_number"": 2, ""instruction"": ""Tip the sugar, butter, star anise, cardamom and cinnamon into an ovenproof frying pan, about 20cm wide, and place over a high heat until bubbling. Shake the pan and stir the buttery sauce until it separates and the sugar caramelises to a toffee colour.""}, {""step_number"": 3, ""instruction"": ""Lay the pears in the pan, then cook in the sauce for 10-12 mins, tossing occasionally, until completely caramelised. Don’t worry about them burning – they won’t – but you want to caramelise them as much as possible. Splash in the brandy and let it flambé, then set the pears aside.""}, {""step_number"": 4, ""instruction"": ""Heat oven to 200C/fan 180C/gas 6. Roll the pastry out to the thickness of a £1 coin. Using a plate slightly larger than the top of the pan, cut out a circle, then press the edges of the circle of pastry to thin them out.""}, {""step_number"": 5, ""instruction"": ""When the pears have cooled slightly, arrange them in the pan, cut side up, in a floral shape, with the pears around the edge pointing inwards. Rest the cinnamon stick on the top in the centre, with the cardamom pods scattered around.""}, {""step_number"": 6, ""instruction"": ""Drape the pastry over the pears, then tuck the edges down the pan sides and under the fruit (see Gordon’s guide). Pierce the pastry a few times, then bake for 15 mins. If a lot of juice bubbles up the side of the pan, pour it off at this stage (see guide). Reduce oven to 180C/fan 160C/gas 4 and bake for 15 mins more until the pastry is golden. Leave the tart to stand for 10 mins, then invert it carefully onto a serving dish.""}]",https://www.bbcgoodfood.com/recipes/4778/pear-tarte-tatin,https://www.youtube.com/watch?v=8U1tKWKDeWA,2026-10-02T09:17:34.157519+00:00,"Source omits servings, prep/cook times and difficulty; blanks import as SQL NULL. Description generated from source category/cuisine. Ingredient categories and balance groups assigned locally.",TheMealDB (https://www.themealdb.com); API terms: https://www.themealdb.com/terms_of_use.php,,
53082,Dessert,Russian,fruit,Strawberries Romanoff,Russian dessert recipe from TheMealDB.,,,,,https://www.themealdb.com/images/media/meals/oe8rg51699014028.jpg,https://www.themealdb.com/meal/53082,"[""dessert"", ""russian"", ""ingredient:fruit"", ""fruity""]","[{""canonical_name"": ""strawberry"", ""category"": ""Fruit"", ""quantity"": 2.0, ""unit"": ""pint"", ""optional"": false, ""source_name"": ""Strawberries"", ""source_measure"": ""2 pint""}, {""canonical_name"": ""sugar"", ""category"": ""Seasoning"", ""quantity"": 4.0, ""unit"": ""tbsp"", ""optional"": false, ""source_name"": ""Sugar"", ""source_measure"": ""4 tbs""}, {""canonical_name"": ""grand marnier"", ""category"": ""Other"", ""quantity"": 4.0, ""unit"": ""tbsp"", ""optional"": false, ""source_name"": ""Grand Marnier"", ""source_measure"": ""4 tbs""}, {""canonical_name"": ""cream"", ""category"": ""Dairy"", ""quantity"": 1.0, ""unit"": ""cup"", ""optional"": false, ""source_name"": ""Cream"", ""source_measure"": ""1 cup""}, {""canonical_name"": ""sour cream"", ""category"": ""Dairy"", ""quantity"": 0.25, ""unit"": ""cup"", ""optional"": false, ""source_name"": ""Sour Cream"", ""source_measure"": ""1/4 cup""}]","[{""step_number"": 1, ""instruction"": ""In a medium bowl, combine hulled and quartered strawberries, 4 Tbsp sugar and 4 Tbsp liqueur, stir to combine then cover and refrigerate at least 1 hour and up to 2 hours, stirring once or twice.""}, {""step_number"": 2, ""instruction"": ""Two photos of cut strawberries in a bowl with one having sugar being added to the bowl Two photos of cut up strawberries for Strawberry Romanoff""}, {""step_number"": 3, ""instruction"": ""Just before serving, in a large mixing bowl, combine 1 cup cold heavy cream and 1/4 cup powdered sugar, and beat with an electric mixer until stiff peaks form. Using a spatula, fold in 1/4 cup sour cream just until well blended.""}, {""step_number"": 4, ""instruction"": ""To serve, stir strawberries then divide between 6 serving glasses or bowls. You can spoon a little syrup over the berries if you like. You can also use this syrup to soak a cake. Spoon cream over strawberries, dividing evenly. You can also use an ice cream scoop with trigger release for a nice rounded puff of cream. Serve right away or chill and enjoy within 2 hours of assembly.""}]",https://natashaskitchen.com/strawberries-romanoff-recipe/,https://www.youtube.com/watch?v=ybWHc4Vi-xU,2026-10-02T09:17:34.157519+00:00,"Source omits servings, prep/cook times and difficulty; blanks import as SQL NULL. Description generated from source category/cuisine. Ingredient categories and balance groups assigned locally.",TheMealDB (https://www.themealdb.com); API terms: https://www.themealdb.com/terms_of_use.php,,
52848,Miscellaneous,British,legumes,Bean & Sausage Hotpot,British miscellaneous recipe from TheMealDB.,,,,,https://www.themealdb.com/images/media/meals/vxuyrx1511302687.jpg,https://www.themealdb.com/meal/52848,"[""miscellaneous"", ""british"", ""ingredient:legumes""]","[{""canonical_name"": ""sausages"", ""category"": ""Protein"", ""quantity"": 8.0, ""unit"": ""large"", ""optional"": false, ""source_name"": ""Sausages"", ""source_measure"": ""8 large""}, {""canonical_name"": ""tomato sauce"", ""category"": ""Condiments"", ""quantity"": 1.0, ""unit"": ""jar"", ""optional"": false, ""source_name"": ""Tomato Sauce"", ""source_measure"": ""1 Jar""}, {""canonical_name"": ""butter beans"", ""category"": ""Dairy"", ""quantity"": 1200.0, ""unit"": ""g"", ""optional"": false, ""source_name"": ""Butter Beans"", ""source_measure"": ""1200g""}, {""canonical_name"": ""black treacle"", ""category"": ""Other"", ""quantity"": 1.0, ""unit"": ""tbls"", ""optional"": false, ""source_name"": ""Black Treacle"", ""source_measure"": ""1 tbls""}, {""canonical_name"": ""english mustard"", ""category"": ""Condiments"", ""quantity"": 1.0, ""unit"": ""tsp"", ""optional"": false, ""source_name"": ""English Mustard"", ""source_measure"": ""1 tsp""}]","[{""step_number"": 1, ""instruction"": ""In a large casserole, fry the sausages until brown all over – about 10 mins.""}, {""step_number"": 2, ""instruction"": ""Add the tomato sauce, stirring well, then stir in the beans, treacle or sugar and mustard. Bring to the simmer, cover and cook for 30 mins. Great served with crusty bread or rice.""}]",https://www.bbcgoodfood.com/recipes/339607/bean-and-sausage-hotpot,https://www.youtube.com/watch?v=B0YX0yPX4Wo,2026-10-02T09:17:34.157519+00:00,"Source omits servings, prep/cook times and difficulty; blanks import as SQL NULL. Description generated from source category/cuisine. Ingredient categories and balance groups assigned locally.",TheMealDB (https://www.themealdb.com); API terms: https://www.themealdb.com/terms_of_use.php,,
53438,Miscellaneous,,egg,Bolita di Keshi,International miscellaneous recipe from TheMealDB.,,,,,https://www.themealdb.com/images/media/meals/skzd0x1780091674.jpg,https://www.themealdb.com/meal/53438,"[""miscellaneous"", ""unknown"", ""ingredient:egg""]","[{""canonical_name"": ""cheddar cheese"", ""category"": ""Dairy"", ""quantity"": 1.0, ""unit"": ""lb"", ""optional"": false, ""source_name"": ""Cheddar Cheese"", ""source_measure"": ""1 lb""}, {""canonical_name"": ""feta"", ""category"": ""Dairy"", ""quantity"": 1.0, ""unit"": ""lb"", ""optional"": false, ""source_name"": ""Feta"", ""source_measure"": ""1 lb""}, {""canonical_name"": ""egg"", ""category"": ""Protein"", ""quantity"": 1.0, ""unit"": ""beaten"", ""optional"": false, ""source_name"": ""Eggs"", ""source_measure"": ""1 beaten""}, {""canonical_name"": ""cornstarch"", ""category"": ""Other"", ""quantity"": 5.0, ""unit"": ""tbsp"", ""optional"": false, ""source_name"": ""Cornstarch"", ""source_measure"": ""5 tablespoons""}]","[{""step_number"": 1, ""instruction"": ""Grate finely and toss together.""}, {""step_number"": 2, ""instruction"": ""lb. sharp yellow cheese (cheddar or oude boerenkaas)""}, {""step_number"": 3, ""instruction"": ""lb. keshi di buriko (or any white cheese such as fromage blanc, queso blanco, ricotto, feta etc.)""}, {""step_number"": 4, ""instruction"": ""Stir in:""}, {""step_number"": 5, ""instruction"": ""eggs, beaten""}, {""step_number"": 6, ""instruction"": ""Tbs. Cornstarch""}, {""step_number"": 7, ""instruction"": ""Shape the mixture into small balls. These may be kept indefinitely in the freezer. Drop the balls into deep, hot fat and fry until golden. Serve piping hot on toothpicks.""}]",https://www.visitaruba.com/aruba-recipes/bolita-di-keshi/,https://www.youtube.com/watch?v=WovQkxxrUeE,2026-10-02T09:17:34.157519+00:00,"Source omits servings, prep/cook times and difficulty; blanks import as SQL NULL. Description generated from source category/cuisine. Ingredient categories and balance groups assigned locally.",TheMealDB (https://www.themealdb.com); API terms: https://www.themealdb.com/terms_of_use.php,,
52815,Miscellaneous,France,legumes,French Lentils With Garlic and Thyme,France miscellaneous recipe from TheMealDB.,,,,,https://www.themealdb.com/images/media/meals/vwwspt1487394060.jpg,https://www.themealdb.com/meal/52815,"[""miscellaneous"", ""france"", ""ingredient:legumes"", ""pulse""]","[{""canonical_name"": ""olive oil"", ""category"": ""Oil"", ""quantity"": 3.0, ""unit"": ""tbsp"", ""optional"": false, ""source_name"": ""Olive Oil"", ""source_measure"": ""3 tablespoons""}, {""canonical_name"": ""onion"", ""category"": ""Vegetables"", ""quantity"": 1.0, ""unit"": null, ""optional"": false, ""source_name"": ""Onion"", ""source_measure"": ""1""}, {""canonical_name"": ""garlic"", ""category"": ""Vegetables"", ""quantity"": 2.0, ""unit"": ""cloves"", ""optional"": false, ""source_name"": ""Garlic"", ""source_measure"": ""2 cloves""}, {""canonical_name"": ""carrot"", ""category"": ""Vegetables"", ""quantity"": 1.0, ""unit"": null, ""optional"": false, ""source_name"": ""Carrots"", ""source_measure"": ""1""}, {""canonical_name"": ""french lentils"", ""category"": ""Legumes"", ""quantity"": 2.25, ""unit"": ""cup"", ""optional"": false, ""source_name"": ""French Lentils"", ""source_measure"": ""2 1/4 cups""}, {""canonical_name"": ""thyme"", ""category"": ""Seasoning"", ""quantity"": 1.0, ""unit"": ""tsp"", ""optional"": false, ""source_name"": ""Thyme"", ""source_measure"": ""1 teaspoon""}, {""canonical_name"": ""bay leaf"", ""category"": ""Other"", ""quantity"": 3.0, ""unit"": null, ""optional"": false, ""source_name"": ""Bay Leaf"", ""source_measure"": ""3""}, {""canonical_name"": ""salt"", ""category"": ""Seasoning"", ""quantity"": 1.0, ""unit"": ""tbsp"", ""optional"": false, ""source_name"": ""Salt"", ""source_measure"": ""1 tablespoon""}, {""canonical_name"": ""celery"", ""category"": ""Vegetables"", ""quantity"": 2.0, ""unit"": ""sticks"", ""optional"": false, ""source_name"": ""Celery"", ""source_measure"": ""2 sticks""}]","[{""step_number"": 1, ""instruction"": ""Place a large saucepan over medium heat and add oil. When hot, add chopped vegetables and sauté until softened, 5 to 10 minutes.""}, {""step_number"": 2, ""instruction"": ""Add 6 cups water, lentils, thyme, bay leaves and salt. Bring to a boil, then reduce to a fast simmer.""}, {""step_number"": 3, ""instruction"": ""Simmer lentils until they are tender and have absorbed most of the water, 20 to 25 minutes. If necessary, drain any excess water after lentils have cooked. Serve immediately, or allow them to cool and reheat later.""}, {""step_number"": 4, ""instruction"": ""For a fuller taste, use some chicken stock and reduce the water by the same amount.""}]",,https://www.youtube.com/watch?v=CrlTS1mJQMA,2026-10-02T09:17:34.157519+00:00,"Source omits servings, prep/cook times and difficulty; blanks import as SQL NULL. Description generated from source category/cuisine. Ingredient categories and balance groups assigned locally.",TheMealDB (https://www.themealdb.com); API terms: https://www.themealdb.com/terms_of_use.php,,
53146,Miscellaneous,Argentina,legumes,Locro,Argentina miscellaneous recipe from TheMealDB.,,,,,https://www.themealdb.com/images/media/meals/5sgsob1763196284.jpg,https://www.themealdb.com/meal/53146,"[""miscellaneous"", ""argentina"", ""ingredient:legumes""]","[{""canonical_name"": ""dried white corn"", ""category"": ""Other"", ""quantity"": 500.0, ""unit"": ""g"", ""optional"": false, ""source_name"": ""Dried white corn"", ""source_measure"": ""500g""}, {""canonical_name"": ""dried white beans"", ""category"": ""Legumes"", ""quantity"": 200.0, ""unit"": ""g"", ""optional"": false, ""source_name"": ""Dried white beans"", ""source_measure"": ""200g""}, {""canonical_name"": ""pumpkin"", ""category"": ""Vegetables"", ""quantity"": 300.0, ""unit"": ""g"", ""optional"": false, ""source_name"": ""Pumpkin"", ""source_measure"": ""300g""}, {""canonical_name"": ""potato"", ""category"": ""Vegetables"", ""quantity"": 200.0, ""unit"": ""g"", ""optional"": false, ""source_name"": ""Potatoes"", ""source_measure"": ""200g""}, {""canonical_name"": ""beef"", ""category"": ""Protein"", ""quantity"": 300.0, ""unit"": ""g"", ""optional"": false, ""source_name"": ""Beef"", ""source_measure"": ""300g""}, {""canonical_name"": ""pork"", ""category"": ""Protein"", ""quantity"": 200.0, ""unit"": ""g"", ""optional"": false, ""source_name"": ""Pork"", ""source_measure"": ""200g""}, {""canonical_name"": ""chorizo"", ""category"": ""Protein"", ""quantity"": 1.0, ""unit"": null, ""optional"": false, ""source_name"": ""Chorizo"", ""source_measure"": ""1""}, {""canonical_name"": ""onion"", ""category"": ""Vegetables"", ""quantity"": 1.0, ""unit"": ""chopped"", ""optional"": false, ""source_name"": ""Onion"", ""source_measure"": ""1 chopped""}, {""canonical_name"": ""paprika"", ""category"": ""Seasoning"", ""quantity"": 1.0, ""unit"": ""tsp"", ""optional"": false, ""source_name"": ""Paprika"", ""source_measure"": ""1 teaspoon""}, {""canonical_name"": ""salt"", ""category"": ""Seasoning"", ""quantity"": null, ""unit"": null, ""optional"": false, ""source_name"": ""Salt"", ""source_measure"": ""To taste""}, {""canonical_name"": ""pepper"", ""category"": ""Vegetables"", ""quantity"": null, ""unit"": null, ""optional"": false, ""source_name"": ""Pepper"", ""source_measure"": ""To taste""}]","[{""step_number"": 1, ""instruction"": ""Soak: Soak corn and beans overnight in water.""}, {""step_number"": 2, ""instruction"": ""Cook Meats: In a large pot, brown the beef and pork. Add onions and spices, cooking until translucent.""}, {""step_number"": 3, ""instruction"": ""Simmer the Stew: Add soaked corn and beans, pumpkin, potato, and enough water to cover. Simmer for 2-3 hours, until thick.""}, {""step_number"": 4, ""instruction"": ""Serve: Enjoy hot, with bread on the side.""}, {""step_number"": 5, ""instruction"": ""Pro Tips:""}, {""step_number"": 6, ""instruction"": ""Toasting the corn slightly before adding it to the stew enhances its flavor.""}, {""step_number"": 7, ""instruction"": ""Add a spoonful of paprika or a dash of cumin for an extra layer of warmth and complexity""}]",https://www.munchery.com/blog/the-ten-iconic-dishes-of-argentina-and-how-to-cook-them-at-home/,https://www.youtube.com/watch?v=vX0KYKAkBTU,2026-10-02T09:17:34.157519+00:00,"Source omits servings, prep/cook times and difficulty; blanks import as SQL NULL. Description generated from source category/cuisine. Ingredient categories and balance groups assigned locally.",TheMealDB (https://www.themealdb.com); API terms: https://www.themealdb.com/terms_of_use.php,,
53534,Miscellaneous,,potato,Papas Chorreadas Recipe (Potatoes with Cream and Cheese Sauce),International miscellaneous recipe from TheMealDB.,,,,,https://www.themealdb.com/images/media/meals/v1n3cj1783805938.jpg,https://www.themealdb.com/meal/53534,"[""miscellaneous"", ""unknown"", ""ingredient:potato""]","[{""canonical_name"": ""red potatoes"", ""category"": ""Other"", ""quantity"": 8.0, ""unit"": null, ""optional"": false, ""source_name"": ""Red Potatoes"", ""source_measure"": ""8""}, {""canonical_name"": ""chicken stock cube"", ""category"": ""Protein"", ""quantity"": 1.0, ""unit"": null, ""optional"": false, ""source_name"": ""Chicken Stock Cube"", ""source_measure"": ""1""}, {""canonical_name"": ""water"", ""category"": ""Other"", ""quantity"": null, ""unit"": null, ""optional"": false, ""source_name"": ""Water"", ""source_measure"": ""Splash""}, {""canonical_name"": ""butter"", ""category"": ""Dairy"", ""quantity"": 1.0, ""unit"": ""tbsp"", ""optional"": false, ""source_name"": ""Butter"", ""source_measure"": ""1 tablespoon""}, {""canonical_name"": ""vegetable oil"", ""category"": ""Oil"", ""quantity"": 1.0, ""unit"": ""tbsp"", ""optional"": false, ""source_name"": ""Vegetable Oil"", ""source_measure"": ""1 tablespoon""}, {""canonical_name"": ""tomato"", ""category"": ""Vegetables"", ""quantity"": 1.5, ""unit"": ""cup"", ""optional"": false, ""source_name"": ""Tomato"", ""source_measure"": ""1 1/2 cup""}, {""canonical_name"": ""green onion"", ""category"": ""Vegetables"", ""quantity"": 3.0, ""unit"": null, ""optional"": false, ""source_name"": ""Scallions"", ""source_measure"": ""3""}, {""canonical_name"": ""garlic powder"", ""category"": ""Other"", ""quantity"": 0.25, ""unit"": ""tsp"", ""optional"": false, ""source_name"": ""Garlic Powder"", ""source_measure"": ""1/4 tsp""}, {""canonical_name"": ""cumin"", ""category"": ""Seasoning"", ""quantity"": 0.25, ""unit"": ""tsp"", ""optional"": false, ""source_name"": ""Cumin"", ""source_measure"": ""1/4 tsp""}, {""canonical_name"": ""salt"", ""category"": ""Seasoning"", ""quantity"": 0.25, ""unit"": ""tsp"", ""optional"": false, ""source_name"": ""Salt"", ""source_measure"": ""1/4 tsp""}, {""canonical_name"": ""pepper"", ""category"": ""Vegetables"", ""quantity"": null, ""unit"": null, ""optional"": false, ""source_name"": ""Pepper"", ""source_measure"": ""To taste""}, {""canonical_name"": ""whipping cream"", ""category"": ""Dairy"", ""quantity"": 1.0, ""unit"": ""cup"", ""optional"": false, ""source_name"": ""Whipping Cream"", ""source_measure"": ""1 cup""}, {""canonical_name"": ""coriander"", ""category"": ""Seasoning"", ""quantity"": null, ""unit"": null, ""optional"": false, ""source_name"": ""Cilantro"", ""source_measure"": ""1 tablespoon chopped""}, {""canonical_name"": ""mozzarella"", ""category"": ""Dairy"", ""quantity"": 1.0, ""unit"": ""cup"", ""optional"": false, ""source_name"": ""Mozzarella"", ""source_measure"": ""1 cup""}]","[{""step_number"": 1, ""instruction"": ""Place the potatoes and chicken bouillon in a medium saucepan. Cover with water and bring to a boil and cook about 30 minutes until tender. Drain and set a side.""}, {""step_number"": 2, ""instruction"": ""While the potatoes are cooking, heat the oil and butter in a frying pan over medium heat. Add onion and tomatoes, stir and cook about 7 minutes. Add garlic powder, cumin, salt and pepper. Stir and cook 2 minutes more.""}, {""step_number"": 3, ""instruction"": ""Add cream, cilantro and cheese. Mix well and turn down the heat and cook for 3 minutes or until cheese has melted.""}, {""step_number"": 4, ""instruction"": ""In a serving dish place the potatoes and pour the sauce on top. Serve them hot.""}]",https://www.mycolombianrecipes.com/potatoes-with-cheese-sauce-papas/#recipe,,2026-10-02T09:17:34.157519+00:00,"Source omits servings, prep/cook times and difficulty; blanks import as SQL NULL. Description generated from source category/cuisine. Ingredient categories and balance groups assigned locally.",TheMealDB (https://www.themealdb.com); API terms: https://www.themealdb.com/terms_of_use.php,,
53521,Miscellaneous,,legumes,Porotos Granados (Chilean Bean Stew),International miscellaneous recipe from TheMealDB.,,,,,https://www.themealdb.com/images/media/meals/nimml81782855200.jpg,https://www.themealdb.com/meal/53521,"[""miscellaneous"", ""unknown"", ""ingredient:legumes""]","[{""canonical_name"": ""olive oil"", ""category"": ""Oil"", ""quantity"": 1.0, ""unit"": ""tbsp"", ""optional"": false, ""source_name"": ""Olive Oil"", ""source_measure"": ""1 tablespoon""}, {""canonical_name"": ""onion"", ""category"": ""Vegetables"", ""quantity"": 1.0, ""unit"": null, ""optional"": false, ""source_name"": ""Onion"", ""source_measure"": ""1""}, {""canonical_name"": ""butternut squash"", ""category"": ""Vegetables"", ""quantity"": 2.0, ""unit"": ""cup"", ""optional"": false, ""source_name"": ""Butternut Squash"", ""source_measure"": ""2 cups""}, {""canonical_name"": ""great northern beans"", ""category"": ""Legumes"", ""quantity"": 1.0, ""unit"": ""can"", ""optional"": false, ""source_name"": ""Great Northern Beans"", ""source_measure"": ""1 Can""}, {""canonical_name"": ""lima beans"", ""category"": ""Legumes"", ""quantity"": 1.0, ""unit"": ""cup"", ""optional"": false, ""source_name"": ""Lima Beans"", ""source_measure"": ""1 cup""}, {""canonical_name"": ""chicken stock"", ""category"": ""Protein"", ""quantity"": 3.0, ""unit"": ""cup"", ""optional"": false, ""source_name"": ""Chicken Stock"", ""source_measure"": ""3 Cups""}, {""canonical_name"": ""sweetcorn"", ""category"": ""Other"", ""quantity"": 2.0, ""unit"": ""cup"", ""optional"": false, ""source_name"": ""Sweetcorn"", ""source_measure"": ""2 cups""}, {""canonical_name"": ""basil"", ""category"": ""Seasoning"", ""quantity"": null, ""unit"": null, ""optional"": false, ""source_name"": ""Basil"", ""source_measure"": ""2 tbs chopped""}, {""canonical_name"": ""banana pepper"", ""category"": ""Vegetables"", ""quantity"": 1.0, ""unit"": null, ""optional"": false, ""source_name"": ""Banana Pepper"", ""source_measure"": ""1""}]","[{""step_number"": 1, ""instruction"": ""Heat the olive oil in a stock pot over medium heat; add the onion and cover. Cook the onions until soft and translucent, about 5 minutes. Stir the squash, great Northern beans, and lima beans into the pot; pour the chicken stock over the mixture. Cover and cook until the squash is tender and beginning to break apart, 30 to 45 minutes.""}, {""step_number"": 2, ""instruction"": ""Stir the corn and basil into the stew; cook until the stew reaches the consistency of pancake batter, about 10 minutes more. Sprinkle the chopped banana pepper over individual portions to serve.""}]",https://www.allrecipes.com/recipe/188282/porotos-granados-chilean-bean-stew/,,2026-10-02T09:17:34.157519+00:00,"Source omits servings, prep/cook times and difficulty; blanks import as SQL NULL. Description generated from source category/cuisine. Ingredient categories and balance groups assigned locally.",TheMealDB (https://www.themealdb.com); API terms: https://www.themealdb.com/terms_of_use.php,,
52804,Miscellaneous,Canadian,potato,Poutine,Canadian miscellaneous recipe from TheMealDB.,,,,,https://www.themealdb.com/images/media/meals/uuyrrx1487327597.jpg,https://www.themealdb.com/meal/52804,"[""miscellaneous"", ""canadian"", ""ingredient:potato"", ""unhealthy"", ""speciality"", ""hangoverfood""]","[{""canonical_name"": ""vegetable oil"", ""category"": ""Oil"", ""quantity"": null, ""unit"": null, ""optional"": false, ""source_name"": ""Vegetable Oil"", ""source_measure"": ""Dash""}, {""canonical_name"": ""beef gravy"", ""category"": ""Protein"", ""quantity"": 1.0, ""unit"": ""can"", ""optional"": false, ""source_name"": ""Beef Gravy"", ""source_measure"": ""1 Can""}, {""canonical_name"": ""potato"", ""category"": ""Vegetables"", ""quantity"": null, ""unit"": null, ""optional"": false, ""source_name"": ""Potatoes"", ""source_measure"": ""5 thin cut""}, {""canonical_name"": ""cheese curds"", ""category"": ""Dairy"", ""quantity"": 2.0, ""unit"": ""cup"", ""optional"": false, ""source_name"": ""Cheese Curds"", ""source_measure"": ""2 cups""}]","[{""step_number"": 1, ""instruction"": ""Heat oil in a deep fryer or deep heavy skillet to 365°F (185°C).""}, {""step_number"": 2, ""instruction"": ""Warm gravy in saucepan or microwave.""}, {""step_number"": 3, ""instruction"": ""Place the fries into the hot oil, and cook until light brown, about 5 minutes.""}, {""step_number"": 4, ""instruction"": ""Remove to a paper towel lined plate to drain.""}, {""step_number"": 5, ""instruction"": ""Place the fries on a serving platter, and sprinkle the cheese over them.""}, {""step_number"": 6, ""instruction"": ""Ladle gravy over the fries and cheese, and serve immediately.""}]",http://www.food.com/recipe/real-canadian-poutine-113388,https://www.youtube.com/watch?v=UVAMAoA2_WU,2026-10-02T09:17:34.157519+00:00,"Source omits servings, prep/cook times and difficulty; blanks import as SQL NULL. Description generated from source category/cuisine. Ingredient categories and balance groups assigned locally.",TheMealDB (https://www.themealdb.com); API terms: https://www.themealdb.com/terms_of_use.php,,
53095,Miscellaneous,Syrian,rice,Syrian Rice with Meat,Syrian miscellaneous recipe from TheMealDB.,,,,,https://www.themealdb.com/images/media/meals/zg2b9l1760524940.jpg,https://www.themealdb.com/meal/53095,"[""miscellaneous"", ""syrian"", ""ingredient:rice""]","[{""canonical_name"": ""butter"", ""category"": ""Dairy"", ""quantity"": null, ""unit"": null, ""optional"": false, ""source_name"": ""Butter / Butter"", ""source_measure"": ""1/4 cup / 2 tablespoons""}, {""canonical_name"": ""ground beef"", ""category"": ""Protein"", ""quantity"": 2.0, ""unit"": ""lb"", ""optional"": false, ""source_name"": ""Ground Beef"", ""source_measure"": ""2 Pounds""}, {""canonical_name"": ""salt"", ""category"": ""Seasoning"", ""quantity"": 2.0, ""unit"": ""tsp"", ""optional"": false, ""source_name"": ""Salt"", ""source_measure"": ""2 teaspoons""}, {""canonical_name"": ""allspice"", ""category"": ""Seasoning"", ""quantity"": 0.5, ""unit"": ""tsp"", ""optional"": false, ""source_name"": ""Allspice"", ""source_measure"": ""1/2 teaspoon""}, {""canonical_name"": ""cinnamon"", ""category"": ""Seasoning"", ""quantity"": 0.5, ""unit"": ""tsp"", ""optional"": false, ""source_name"": ""Cinnamon"", ""source_measure"": ""1/2 teaspoon""}, {""canonical_name"": ""black pepper"", ""category"": ""Vegetables"", ""quantity"": 0.5, ""unit"": ""tsp"", ""optional"": false, ""source_name"": ""Black Pepper"", ""source_measure"": ""1/2 teaspoon""}, {""canonical_name"": ""chicken stock"", ""category"": ""Protein"", ""quantity"": 5.0, ""unit"": ""cup"", ""optional"": false, ""source_name"": ""Chicken Stock"", ""source_measure"": ""5 Cups""}, {""canonical_name"": ""rice"", ""category"": ""Grains"", ""quantity"": 2.0, ""unit"": ""cup"", ""optional"": false, ""source_name"": ""Rice"", ""source_measure"": ""2 cups""}, {""canonical_name"": ""pine nuts"", ""category"": ""Other"", ""quantity"": 0.5, ""unit"": ""cup"", ""optional"": false, ""source_name"": ""Pine Nuts"", ""source_measure"": ""1/2 cup""}]","[{""step_number"": 1, ""instruction"": ""Heat 1/4 cup butter in a large saucepan over medium-high heat. Add ground beef and season with salt, allspice, cinnamon, and black pepper. Cook and stir until beef is browned and crumbly, 7 to 10 minutes.""}, {""step_number"": 2, ""instruction"": ""Stir chicken broth and rice into beef in the saucepan; bring to a boil. Reduce heat to low, cover, and cook until liquid is absorbed, about 20 minutes.""}, {""step_number"": 3, ""instruction"": ""Meanwhile, melt 2 tablespoons butter in a small skillet over medium heat. Cook and stir pine nuts in hot butter until lightly browned, 3 to 5 minutes.""}, {""step_number"": 4, ""instruction"": ""Mix pine nuts into beef-rice mixture before serving.""}]",https://www.allrecipes.com/recipe/272233/syrian-rice-with-meat/,,2026-10-02T09:17:34.157519+00:00,"Source omits servings, prep/cook times and difficulty; blanks import as SQL NULL. Description generated from source category/cuisine. Ingredient categories and balance groups assigned locally.",TheMealDB (https://www.themealdb.com); API terms: https://www.themealdb.com/terms_of_use.php,,
52845,Miscellaneous,British,legumes,Turkey Meatloaf,British miscellaneous recipe from TheMealDB.,,,,,https://www.themealdb.com/images/media/meals/ypuxtw1511297463.jpg,https://www.themealdb.com/meal/52845,"[""miscellaneous"", ""british"", ""ingredient:legumes"", ""baking""]","[{""canonical_name"": ""olive oil"", ""category"": ""Oil"", ""quantity"": 1.0, ""unit"": ""tblsp"", ""optional"": false, ""source_name"": ""Olive Oil"", ""source_measure"": ""1 tblsp""}, {""canonical_name"": ""onion"", ""category"": ""Vegetables"", ""quantity"": 1.0, ""unit"": ""large"", ""optional"": false, ""source_name"": ""Onion"", ""source_measure"": ""1 large""}, {""canonical_name"": ""garlic"", ""category"": ""Vegetables"", ""quantity"": null, ""unit"": null, ""optional"": false, ""source_name"": ""Garlic"", ""source_measure"": ""1 clove peeled crushed""}, {""canonical_name"": ""worcestershire sauce"", ""category"": ""Condiments"", ""quantity"": 2.0, ""unit"": ""tblsp"", ""optional"": false, ""source_name"": ""Worcestershire Sauce"", ""source_measure"": ""2 tblsp""}, {""canonical_name"": ""tomato puree"", ""category"": ""Other"", ""quantity"": 3.0, ""unit"": ""tsp"", ""optional"": false, ""source_name"": ""Tomato Puree"", ""source_measure"": ""3 tsp""}, {""canonical_name"": ""turkey mince"", ""category"": ""Protein"", ""quantity"": 500.0, ""unit"": ""g"", ""optional"": false, ""source_name"": ""Turkey Mince"", ""source_measure"": ""500g""}, {""canonical_name"": ""egg"", ""category"": ""Protein"", ""quantity"": 1.0, ""unit"": ""large"", ""optional"": false, ""source_name"": ""Eggs"", ""source_measure"": ""1 large""}, {""canonical_name"": ""breadcrumbs"", ""category"": ""Grains"", ""quantity"": 85.0, ""unit"": ""g"", ""optional"": false, ""source_name"": ""Breadcrumbs"", ""source_measure"": ""85g""}, {""canonical_name"": ""barbeque sauce"", ""category"": ""Condiments"", ""quantity"": 2.0, ""unit"": ""tblsp"", ""optional"": false, ""source_name"": ""Barbeque Sauce"", ""source_measure"": ""2 tblsp""}, {""canonical_name"": ""cannellini beans"", ""category"": ""Legumes"", ""quantity"": 800.0, ""unit"": ""g"", ""optional"": false, ""source_name"": ""Cannellini Beans"", ""source_measure"": ""800g""}, {""canonical_name"": ""parsley"", ""category"": ""Other"", ""quantity"": 2.0, ""unit"": ""tblsp"", ""optional"": false, ""source_name"": ""Parsley"", ""source_measure"": ""2 tblsp""}]","[{""step_number"": 1, ""instruction"": ""Heat oven to 180C/160C fan/gas 4. Heat the oil in a large frying pan and cook the onion for 8-10 mins until softened. Add the garlic, Worcestershire sauce and 2 tsp tomato purée, and stir until combined. Set aside to cool.""}, {""step_number"": 2, ""instruction"": ""Put the turkey mince, egg, breadcrumbs and cooled onion mix in a large bowl and season well. Mix everything to combine, then shape into a rectangular loaf and place in a large roasting tin. Spread 2 tbsp barbecue sauce over the meatloaf and bake for 30 mins.""}, {""step_number"": 3, ""instruction"": ""Meanwhile, drain 1 can of beans only, then pour both cans into a large bowl. Add the remaining barbecue sauce and tomato purée. Season and set aside.""}, {""step_number"": 4, ""instruction"": ""When the meatloaf has had its initial cooking time, scatter the beans around the outside and bake for 15 mins more until the meatloaf is cooked through and the beans are piping hot. Scatter over the parsley and serve the meatloaf in slices.""}]",https://www.bbcgoodfood.com/recipes/turkey-meatloaf,https://www.youtube.com/watch?v=mTvlmY4vCug,2026-10-02T09:17:34.157519+00:00,"Source omits servings, prep/cook times and difficulty; blanks import as SQL NULL. Description generated from source category/cuisine. Ingredient categories and balance groups assigned locally.",TheMealDB (https://www.themealdb.com); API terms: https://www.themealdb.com/terms_of_use.php,,
53252,Miscellaneous,Turkish,rice,Turkish rice (vermicelli rice),Turkish miscellaneous recipe from TheMealDB.,,,,,https://www.themealdb.com/images/media/meals/xw1ruy1763786501.jpg,https://www.themealdb.com/meal/53252,"[""miscellaneous"", ""turkish"", ""ingredient:rice""]","[{""canonical_name"": ""rice"", ""category"": ""Grains"", ""quantity"": 300.0, ""unit"": ""g"", ""optional"": false, ""source_name"": ""Rice"", ""source_measure"": ""300g""}, {""canonical_name"": ""vegetable oil"", ""category"": ""Oil"", ""quantity"": 3.0, ""unit"": ""tbsp"", ""optional"": false, ""source_name"": ""Vegetable Oil"", ""source_measure"": ""3  tablespoons""}, {""canonical_name"": ""vermicelli pasta"", ""category"": ""Grains"", ""quantity"": 70.0, ""unit"": ""g"", ""optional"": false, ""source_name"": ""Vermicelli Pasta"", ""source_measure"": ""70g""}, {""canonical_name"": ""unsalted butter"", ""category"": ""Dairy"", ""quantity"": 30.0, ""unit"": ""g"", ""optional"": false, ""source_name"": ""Unsalted Butter"", ""source_measure"": ""30g""}, {""canonical_name"": ""chicken stock"", ""category"": ""Protein"", ""quantity"": 600.0, ""unit"": ""ml"", ""optional"": false, ""source_name"": ""Chicken Stock"", ""source_measure"": ""600ml""}]","[{""step_number"": 1, ""instruction"": ""Pour the rice into a very large bowl under cold running water and carefully drain the water out of the bowl through a sieve. Repeat a few times until the water in the bowl is clear, then fill the bowl up with cold water and leave rice to soak for 10 mins while you cook the vermicelli.""}, {""step_number"": 2, ""instruction"": ""Put the oil into a medium pan over medium heat. Add the vermicelli and stir continuously until the strands turn a rich golden brown, 2-3 mins. Remove from the heat, stir through the butter until it melts and allow the vermicelli to cool for 1-2 mins.""}, {""step_number"": 3, ""instruction"": ""Drain the rice thoroughly through a sieve. Add the rice to the pan and stir well. Pour the hot stock into the pan, sprinkle in ½ tsp salt, stir well then return the pan to the hob over a high heat. Bring to the boil, then reduce the heat to the lowest it will go, put the lid on the pan and simmer for 7-9 mins. Remove the pan from the heat, cover with a couple of sheets of kitchen paper or a light tea towel and the pan lid, and let the rice sit in the pan for 10 mins. Fluff up with a fork before serving.""}]",https://www.bbcgoodfood.com/recipes/turkish-rice-vermicelli-rice,https://www.youtube.com/watch?v=gY6PZzjO53M,2026-10-02T09:17:34.157519+00:00,"Source omits servings, prep/cook times and difficulty; blanks import as SQL NULL. Description generated from source category/cuisine. Ingredient categories and balance groups assigned locally.",TheMealDB (https://www.themealdb.com); API terms: https://www.themealdb.com/terms_of_use.php,,
52839,Pasta,Italian,pasta,Chilli prawn linguine,Italian pasta recipe from TheMealDB.,,,,,https://www.themealdb.com/images/media/meals/usywpp1511189717.jpg,https://www.themealdb.com/meal/52839,"[""pasta"", ""italian"", ""ingredient:pasta""]","[{""canonical_name"": ""linguine pasta"", ""category"": ""Grains"", ""quantity"": 280.0, ""unit"": ""g"", ""optional"": false, ""source_name"": ""Linguine Pasta"", ""source_measure"": ""280g""}, {""canonical_name"": ""sugar snap peas"", ""category"": ""Seasoning"", ""quantity"": 200.0, ""unit"": ""g"", ""optional"": false, ""source_name"": ""Sugar Snap Peas"", ""source_measure"": ""200g""}, {""canonical_name"": ""olive oil"", ""category"": ""Oil"", ""quantity"": 2.0, ""unit"": ""tblsp"", ""optional"": false, ""source_name"": ""Olive Oil"", ""source_measure"": ""2 tblsp""}, {""canonical_name"": ""garlic"", ""category"": ""Vegetables"", ""quantity"": null, ""unit"": null, ""optional"": false, ""source_name"": ""Garlic Clove"", ""source_measure"": ""2 cloves chopped""}, {""canonical_name"": ""red chilli"", ""category"": ""Seasoning"", ""quantity"": 1.0, ""unit"": ""large"", ""optional"": false, ""source_name"": ""Red Chilli"", ""source_measure"": ""1 large""}, {""canonical_name"": ""king prawns"", ""category"": ""Protein"", ""quantity"": 24.0, ""unit"": ""skinned"", ""optional"": false, ""source_name"": ""King Prawns"", ""source_measure"": ""24 Skinned""}, {""canonical_name"": ""cherry tomatoes"", ""category"": ""Fruit"", ""quantity"": 12.0, ""unit"": null, ""optional"": false, ""source_name"": ""Cherry Tomatoes"", ""source_measure"": ""12""}, {""canonical_name"": ""basil leaves"", ""category"": ""Seasoning"", ""quantity"": null, ""unit"": null, ""optional"": false, ""source_name"": ""Basil Leaves"", ""source_measure"": ""Handful""}, {""canonical_name"": ""lettuce"", ""category"": ""Vegetables"", ""quantity"": null, ""unit"": null, ""optional"": false, ""source_name"": ""Lettuce"", ""source_measure"": ""Leaves""}, {""canonical_name"": ""bread"", ""category"": ""Grains"", ""quantity"": null, ""unit"": null, ""optional"": false, ""source_name"": ""Bread"", ""source_measure"": ""to serve""}, {""canonical_name"": ""fromage frais"", ""category"": ""Other"", ""quantity"": 2.0, ""unit"": ""tbsp"", ""optional"": false, ""source_name"": ""Fromage Frais"", ""source_measure"": ""2 tbsp""}, {""canonical_name"": ""lime"", ""category"": ""Fruit"", ""quantity"": null, ""unit"": null, ""optional"": false, ""source_name"": ""Lime"", ""source_measure"": ""Grated Zest of 2""}, {""canonical_name"": ""caster sugar"", ""category"": ""Seasoning"", ""quantity"": 2.0, ""unit"": ""tsp"", ""optional"": false, ""source_name"": ""Caster Sugar"", ""source_measure"": ""2 tsp""}]","[{""step_number"": 1, ""instruction"": ""Mix the dressing ingredients in a small bowl and season with salt and pepper. Set aside.""}, {""step_number"": 2, ""instruction"": ""Cook the pasta according to the packet instructions. Add the sugar snap peas for the last minute or so of cooking time.""}, {""step_number"": 3, ""instruction"": ""Meanwhile, heat the oil in a wok or large frying pan, toss in the garlic and chilli and cook over a fairly gentle heat for about 30 seconds without letting the garlic brown. Tip in the prawns and cook over a high heat, stirring frequently, for about 3 minutes until they turn pink.""}, {""step_number"": 4, ""instruction"": ""Add the tomatoes and cook, stirring occasionally, for 3 minutes until they just start to soften. Drain the pasta and sugar snaps well, then toss into the prawn mixture. Tear in the basil leaves, stir, and season with salt and pepper.""}, {""step_number"": 5, ""instruction"": ""Serve with salad leaves drizzled with the lime dressing, and warm crusty bread.""}]",https://www.bbcgoodfood.com/recipes/1269/chilli-prawn-linguine,https://www.youtube.com/watch?v=SC17Mc70Db0,2026-10-02T09:17:34.157519+00:00,"Source omits servings, prep/cook times and difficulty; blanks import as SQL NULL. Description generated from source category/cuisine. Ingredient categories and balance groups assigned locally.",TheMealDB (https://www.themealdb.com); API terms: https://www.themealdb.com/terms_of_use.php,,
52835,Pasta,Italian,pasta,Fettucine alfredo,Italian pasta recipe from TheMealDB.,,,,,https://www.themealdb.com/images/media/meals/uquqtu1511178042.jpg,https://www.themealdb.com/meal/52835,"[""pasta"", ""italian"", ""ingredient:pasta""]","[{""canonical_name"": ""clotted cream"", ""category"": ""Dairy"", ""quantity"": 227.0, ""unit"": ""g"", ""optional"": false, ""source_name"": ""Clotted Cream"", ""source_measure"": ""227g""}, {""canonical_name"": ""butter"", ""category"": ""Dairy"", ""quantity"": 25.0, ""unit"": ""g"", ""optional"": false, ""source_name"": ""Butter"", ""source_measure"": ""25g""}, {""canonical_name"": ""corn flour"", ""category"": ""Grains"", ""quantity"": 1.0, ""unit"": ""tsp"", ""optional"": false, ""source_name"": ""Corn Flour"", ""source_measure"": ""1 tsp""}, {""canonical_name"": ""parmesan cheese"", ""category"": ""Dairy"", ""quantity"": 100.0, ""unit"": ""g"", ""optional"": false, ""source_name"": ""Parmesan Cheese"", ""source_measure"": ""100g""}, {""canonical_name"": ""nutmeg"", ""category"": ""Other"", ""quantity"": null, ""unit"": null, ""optional"": false, ""source_name"": ""Nutmeg"", ""source_measure"": ""Grated""}, {""canonical_name"": ""fettuccine"", ""category"": ""Other"", ""quantity"": 250.0, ""unit"": ""g"", ""optional"": false, ""source_name"": ""Fettuccine"", ""source_measure"": ""250g""}, {""canonical_name"": ""parsley"", ""category"": ""Other"", ""quantity"": null, ""unit"": null, ""optional"": false, ""source_name"": ""Parsley"", ""source_measure"": ""Chopped""}]","[{""step_number"": 1, ""instruction"": ""In a medium saucepan, stir the clotted cream, butter and cornflour over a low-ish heat and bring to a low simmer. Turn off the heat and keep warm.""}, {""step_number"": 2, ""instruction"": ""Meanwhile, put the cheese and nutmeg in a small bowl and add a good grinding of black pepper, then stir everything together (don’t add any salt at this stage).""}, {""step_number"": 3, ""instruction"": ""Put the pasta in another pan with 2 tsp salt, pour over some boiling water and cook following pack instructions (usually 3-4 mins). When cooked, scoop some of the cooking water into a heatproof jug or mug and drain the pasta, but not too thoroughly.""}, {""step_number"": 4, ""instruction"": ""Add the pasta to the pan with the clotted cream mixture, then sprinkle over the cheese and gently fold everything together over a low heat using a rubber spatula. When combined, splash in 3 tbsp of the cooking water. At first, the pasta will look wet and sloppy: keep stirring until the water is absorbed and the sauce is glossy. Check the seasoning before transferring to heated bowls. Sprinkle over some chives or parsley, then serve immediately.""}]",https://www.bbcgoodfood.com/recipes/fettucine-alfredo,https://www.youtube.com/watch?v=FLEnwZvGzOE,2026-10-02T09:17:34.157519+00:00,"Source omits servings, prep/cook times and difficulty; blanks import as SQL NULL. Description generated from source category/cuisine. Ingredient categories and balance groups assigned locally.",TheMealDB (https://www.themealdb.com); API terms: https://www.themealdb.com/terms_of_use.php,,
52829,Pasta,United States,pasta,Grilled Mac and Cheese Sandwich,United States pasta recipe from TheMealDB.,,,,,https://www.themealdb.com/images/media/meals/xutquv1505330523.jpg,https://www.themealdb.com/meal/52829,"[""pasta"", ""united states"", ""ingredient:pasta"", ""cheesy""]","[{""canonical_name"": ""macaroni"", ""category"": ""Grains"", ""quantity"": null, ""unit"": null, ""optional"": false, ""source_name"": ""Macaroni"", ""source_measure"": ""8 ounces (230 grams)""}, {""canonical_name"": ""flour"", ""category"": ""Grains"", ""quantity"": 0.33, ""unit"": ""cup"", ""optional"": false, ""source_name"": ""Plain Flour"", ""source_measure"": ""1/3 cup""}, {""canonical_name"": ""mustard powder"", ""category"": ""Condiments"", ""quantity"": 0.75, ""unit"": ""tsp"", ""optional"": false, ""source_name"": ""Mustard Powder"", ""source_measure"": ""3/4 teaspoon""}, {""canonical_name"": ""garlic powder"", ""category"": ""Other"", ""quantity"": 1.5, ""unit"": ""tsp"", ""optional"": false, ""source_name"": ""Garlic powder / garlic powder"", ""source_measure"": ""1/2 teaspoon / 1 teaspoon""}, {""canonical_name"": ""kosher salt"", ""category"": ""Seasoning"", ""quantity"": 0.5, ""unit"": ""tsp"", ""optional"": false, ""source_name"": ""Kosher salt"", ""source_measure"": ""1/2 teaspoon""}, {""canonical_name"": ""black pepper"", ""category"": ""Vegetables"", ""quantity"": 0.5, ""unit"": ""tsp"", ""optional"": false, ""source_name"": ""Black pepper"", ""source_measure"": ""1/2 teaspoon""}, {""canonical_name"": ""cayenne pepper"", ""category"": ""Vegetables"", ""quantity"": 0.12, ""unit"": ""tsp"", ""optional"": false, ""source_name"": ""Cayenne pepper"", ""source_measure"": ""1/8 teaspoon""}, {""canonical_name"": ""butter"", ""category"": ""Dairy"", ""quantity"": null, ""unit"": null, ""optional"": false, ""source_name"": ""Butter / Butter / Butter"", ""source_measure"": ""6 tablespoons (85 grams) / 4 tablespoons (55 grams) / 4 tablespoons (55 grams)""}, {""canonical_name"": ""whole milk"", ""category"": ""Dairy"", ""quantity"": null, ""unit"": null, ""optional"": false, ""source_name"": ""Whole Milk"", ""source_measure"": ""1 1/2 cups (360 milliliters)""}, {""canonical_name"": ""heavy cream"", ""category"": ""Dairy"", ""quantity"": null, ""unit"": null, ""optional"": false, ""source_name"": ""Heavy Cream"", ""source_measure"": ""1 cup (240 milliliters)""}, {""canonical_name"": ""monterey jack cheese"", ""category"": ""Dairy"", ""quantity"": null, ""unit"": null, ""optional"": false, ""source_name"": ""Monterey Jack Cheese"", ""source_measure"": ""1 pound (455 grams)""}, {""canonical_name"": ""bread"", ""category"": ""Grains"", ""quantity"": null, ""unit"": null, ""optional"": false, ""source_name"": ""Bread"", ""source_measure"": ""16 slices square""}, {""canonical_name"": ""cheddar cheese"", ""category"": ""Dairy"", ""quantity"": null, ""unit"": null, ""optional"": false, ""source_name"": ""Cheddar Cheese"", ""source_measure"": ""8 slices mild""}, {""canonical_name"": ""colby jack cheese"", ""category"": ""Dairy"", ""quantity"": 8.0, ""unit"": ""slices"", ""optional"": false, ""source_name"": ""Colby Jack Cheese"", ""source_measure"": ""8 slices""}]","[{""step_number"": 1, ""instruction"": ""Make the mac and cheese""}, {""step_number"": 2, ""instruction"": ""Bring a medium saucepan of generously salted water (you want it to taste like seawater) to a boil. Add the pasta and cook, stirring occasionally, until al dente, 8 to 10 minutes, or according to the package directions. The pasta should be tender but still chewy.""}, {""step_number"": 3, ""instruction"": ""While the pasta is cooking, in a small bowl, whisk together the flour, mustard powder, garlic powder, salt, black pepper, and cayenne pepper.""}, {""step_number"": 4, ""instruction"": ""Drain the pasta in a colander. Place the empty pasta pan (no need to wash it) over low heat and add the butter. When the butter has melted, whisk in the flour mixture and continue to cook, whisking frequently, until the mixture is beginning to brown and has a pleasant, nutty aroma, about 1 minute. Watch carefully so it does not scorch on the bottom of the pan.""}, {""step_number"": 5, ""instruction"": ""Slowly whisk the milk and cream into the flour mixture until everything is really well combined. Cook, whisking constantly, until the sauce is heated through and just begins to thicken, about 2 minutes. Remove from the heat. Gradually add the cheese while stirring constantly with a wooden spoon or silicone spatula and keep stirring until the cheese has melted into the sauce. Then stir in the drained cooked pasta.""}, {""step_number"": 6, ""instruction"": ""Line a 9-by-13-inch (23-by-33-centimeter) rimmed baking sheet with parchment paper or aluminum foil. Coat the paper or foil with nonstick cooking spray or slick it with butter. Pour the warm mac and cheese onto the prepared baking sheet and spread it evenly with a spatula. Coat another piece of parchment paper with cooking spray or butter and place it, oiled or buttered side down, directly on the surface of the mac and cheese. Refrigerate until cool and firm, about 1 hour.""}, {""step_number"": 7, ""instruction"": ""Make the grilled cheese""}, {""step_number"": 8, ""instruction"": ""Heat a large cast-iron or nonstick skillet over medium-low heat.""}, {""step_number"": 9, ""instruction"": ""In a small bowl, stir together the 4 tablespoons (55 grams) butter and garlic powder until well blended.""}, {""step_number"": 10, ""instruction"": ""Remove the mac and cheese from the refrigerator and peel off the top layer of parchment paper. Carefully cut into 8 equal pieces. Each piece will make 1 grilled mac and cheese sandwich. (You can stash each individual portion in a double layer of resealable plastic bags and refrigerate for up to 3 days or freeze it for up to 1 month.)""}, {""step_number"": 11, ""instruction"": ""Spread 3/4 teaspoon garlic butter on one side of each bread slice. Place half of the slices, buttered-side down, on a clean cutting board. Top each with one slice of Cheddar, then 1 piece of the mac and cheese. (Transfer from the baking sheet by scooting your hand or a spatula under each piece of mac and cheese and then flipping it over onto a sandwich.) Place 1 slice of Jack on top of each. Finish with the remaining bread slices, buttered-side up.""}, {""step_number"": 12, ""instruction"": ""Using a wide spatula, place as many sandwiches in the pan as will fit without crowding it. Cover and cook until the bottoms are nicely browned, about 4 minutes. Turn and cook until the second sides are browned, the cheese is melted, and the mac and cheese is heated through, about 4 minutes more.""}, {""step_number"": 13, ""instruction"": ""Repeat with the remaining ingredients. Cut the sandwiches in half, if desired, and serve.""}]",https://leitesculinaria.com/103647/recipes-grilled-mac-and-cheese-sandwich.html,https://www.youtube.com/watch?v=PYq31xLj-DY,2026-10-02T09:17:34.157519+00:00,"Source omits servings, prep/cook times and difficulty; blanks import as SQL NULL. Description generated from source category/cuisine. Ingredient categories and balance groups assigned locally.",TheMealDB (https://www.themealdb.com); API terms: https://www.themealdb.com/terms_of_use.php,,
52844,Pasta,Italian,pasta,Lasagne,Italian pasta recipe from TheMealDB.,,,,,https://www.themealdb.com/images/media/meals/wtsvxx1511296896.jpg,https://www.themealdb.com/meal/52844,"[""pasta"", ""italian"", ""ingredient:pasta""]","[{""canonical_name"": ""olive oil"", ""category"": ""Oil"", ""quantity"": 1.0, ""unit"": ""tblsp"", ""optional"": false, ""source_name"": ""Olive Oil"", ""source_measure"": ""1 tblsp""}, {""canonical_name"": ""bacon"", ""category"": ""Protein"", ""quantity"": 2.0, ""unit"": null, ""optional"": false, ""source_name"": ""Bacon"", ""source_measure"": ""2""}, {""canonical_name"": ""onion"", ""category"": ""Vegetables"", ""quantity"": null, ""unit"": null, ""optional"": false, ""source_name"": ""Onion"", ""source_measure"": ""1 finely chopped""}, {""canonical_name"": ""celery"", ""category"": ""Vegetables"", ""quantity"": 1.0, ""unit"": ""stick"", ""optional"": false, ""source_name"": ""Celery"", ""source_measure"": ""1 Stick""}, {""canonical_name"": ""carrot"", ""category"": ""Vegetables"", ""quantity"": 1.0, ""unit"": ""medium"", ""optional"": false, ""source_name"": ""Carrots"", ""source_measure"": ""1 medium""}, {""canonical_name"": ""garlic"", ""category"": ""Vegetables"", ""quantity"": null, ""unit"": null, ""optional"": false, ""source_name"": ""Garlic"", ""source_measure"": ""2 cloves chopped""}, {""canonical_name"": ""minced beef"", ""category"": ""Protein"", ""quantity"": 500.0, ""unit"": ""g"", ""optional"": false, ""source_name"": ""Minced Beef"", ""source_measure"": ""500g""}, {""canonical_name"": ""tomato puree"", ""category"": ""Other"", ""quantity"": 1.0, ""unit"": ""tbls"", ""optional"": false, ""source_name"": ""Tomato Puree"", ""source_measure"": ""1 tbls""}, {""canonical_name"": ""tomato"", ""category"": ""Vegetables"", ""quantity"": 800.0, ""unit"": ""g"", ""optional"": false, ""source_name"": ""Chopped Tomatoes"", ""source_measure"": ""800g""}, {""canonical_name"": ""honey"", ""category"": ""Condiments"", ""quantity"": 1.0, ""unit"": ""tblsp"", ""optional"": false, ""source_name"": ""Honey"", ""source_measure"": ""1 tblsp""}, {""canonical_name"": ""lasagne sheets"", ""category"": ""Grains"", ""quantity"": 500.0, ""unit"": ""g"", ""optional"": false, ""source_name"": ""Lasagne Sheets"", ""source_measure"": ""500g""}, {""canonical_name"": ""creme fraiche"", ""category"": ""Other"", ""quantity"": 400.0, ""unit"": ""ml"", ""optional"": false, ""source_name"": ""Creme Fraiche"", ""source_measure"": ""400ml""}, {""canonical_name"": ""mozzarella balls"", ""category"": ""Dairy"", ""quantity"": 125.0, ""unit"": ""g"", ""optional"": false, ""source_name"": ""Mozzarella Balls"", ""source_measure"": ""125g""}, {""canonical_name"": ""parmesan cheese"", ""category"": ""Dairy"", ""quantity"": 50.0, ""unit"": ""g"", ""optional"": false, ""source_name"": ""Parmesan Cheese"", ""source_measure"": ""50g""}, {""canonical_name"": ""basil leaves"", ""category"": ""Seasoning"", ""quantity"": null, ""unit"": null, ""optional"": false, ""source_name"": ""Basil Leaves"", ""source_measure"": ""Topping""}]","[{""step_number"": 1, ""instruction"": ""Heat the oil in a large saucepan. Use kitchen scissors to snip the bacon into small pieces, or use a sharp knife to chop it on a chopping board. Add the bacon to the pan and cook for just a few mins until starting to turn golden. Add the onion, celery and carrot, and cook over a medium heat for 5 mins, stirring occasionally, until softened.""}, {""step_number"": 2, ""instruction"": ""Add the garlic and cook for 1 min, then tip in the mince and cook, stirring and breaking it up with a wooden spoon, for about 6 mins until browned all over.""}, {""step_number"": 3, ""instruction"": ""Stir in the tomato purée and cook for 1 min, mixing in well with the beef and vegetables. Tip in the chopped tomatoes. Fill each can half full with water to rinse out any tomatoes left in the can, and add to the pan. Add the honey and season to taste. Simmer for 20 mins.""}, {""step_number"": 4, ""instruction"": ""Heat oven to 200C/180C fan/gas 6. To assemble the lasagne, ladle a little of the ragu sauce into the bottom of the roasting tin or casserole dish, spreading the sauce all over the base. Place 2 sheets of lasagne on top of the sauce overlapping to make it fit, then repeat with more sauce and another layer of pasta. Repeat with a further 2 layers of sauce and pasta, finishing with a layer of pasta.""}, {""step_number"": 5, ""instruction"": ""Put the crème fraîche in a bowl and mix with 2 tbsp water to loosen it and make a smooth pourable sauce. Pour this over the top of the pasta, then top with the mozzarella. Sprinkle Parmesan over the top and bake for 25–30 mins until golden and bubbling. Serve scattered with basil, if you like.""}]",https://www.bbcgoodfood.com/recipes/classic-lasagne,https://www.youtube.com/watch?v=gfhfsBPt46s,2026-10-02T09:17:34.157519+00:00,"Source omits servings, prep/cook times and difficulty; blanks import as SQL NULL. Description generated from source category/cuisine. Ingredient categories and balance groups assigned locally.",TheMealDB (https://www.themealdb.com); API terms: https://www.themealdb.com/terms_of_use.php,,
53461,Pasta,,pasta,Macaroni Pie,International pasta recipe from TheMealDB.,,,,,https://www.themealdb.com/images/media/meals/kpiu4t1782242131.jpg,https://www.themealdb.com/meal/53461,"[""pasta"", ""unknown"", ""ingredient:pasta""]","[{""canonical_name"": ""macaroni"", ""category"": ""Grains"", ""quantity"": 250.0, ""unit"": ""g"", ""optional"": false, ""source_name"": ""Macaroni"", ""source_measure"": ""250g""}, {""canonical_name"": ""butter"", ""category"": ""Dairy"", ""quantity"": null, ""unit"": null, ""optional"": false, ""source_name"": ""Butter / Butter"", ""source_measure"": ""1 tablespoon / 2 tsp""}, {""canonical_name"": ""cheddar cheese"", ""category"": ""Dairy"", ""quantity"": null, ""unit"": null, ""optional"": false, ""source_name"": ""Cheddar Cheese / Cheddar Cheese"", ""source_measure"": ""375g / 2 tablespoons""}, {""canonical_name"": ""egg"", ""category"": ""Protein"", ""quantity"": 1.0, ""unit"": null, ""optional"": false, ""source_name"": ""Egg"", ""source_measure"": ""1""}, {""canonical_name"": ""milk"", ""category"": ""Dairy"", ""quantity"": 250.0, ""unit"": ""ml"", ""optional"": false, ""source_name"": ""Milk"", ""source_measure"": ""250ml""}, {""canonical_name"": ""ground onion"", ""category"": ""Vegetables"", ""quantity"": 2.0, ""unit"": ""tsp"", ""optional"": false, ""source_name"": ""Ground Onion"", ""source_measure"": ""2 tsp""}, {""canonical_name"": ""mustard"", ""category"": ""Condiments"", ""quantity"": 1.0, ""unit"": ""tsp"", ""optional"": false, ""source_name"": ""Mustard"", ""source_measure"": ""1 tsp""}, {""canonical_name"": ""pepper"", ""category"": ""Vegetables"", ""quantity"": 1.0, ""unit"": ""tsp"", ""optional"": false, ""source_name"": ""Pepper"", ""source_measure"": ""1 tsp""}, {""canonical_name"": ""salt"", ""category"": ""Seasoning"", ""quantity"": 1.0, ""unit"": ""tsp"", ""optional"": false, ""source_name"": ""Salt"", ""source_measure"": ""1 tsp""}, {""canonical_name"": ""cayenne pepper"", ""category"": ""Vegetables"", ""quantity"": 0.5, ""unit"": ""tsp"", ""optional"": false, ""source_name"": ""Cayenne Pepper"", ""source_measure"": ""1/2 tsp""}, {""canonical_name"": ""breadcrumbs"", ""category"": ""Grains"", ""quantity"": 2.0, ""unit"": ""tbsp"", ""optional"": false, ""source_name"": ""Breadcrumbs"", ""source_measure"": ""2 tablespoons""}]","[{""step_number"": 1, ""instruction"": ""Bring water to a boil and add the broken-up macaroni, elbows, and salt. Cook uncovered until tender but not overcooked (about 8 minutes).""}, {""step_number"": 2, ""instruction"": ""Preheat a moderately hot oven to 350F, 180C, or Gas Mark 4.""}, {""step_number"": 3, ""instruction"": ""Drain the macaroni thoroughly, put it back into the same hot saucepan cooked in, and mix in the butter.""}, {""step_number"": 4, ""instruction"": ""Grate the cheese and mix it with the macaroni while it is still warm.""}, {""step_number"": 5, ""instruction"": ""Whisk the egg until fluffy, and add the milk, onion powder, white pepper, salt, pepper sauce, and mustard. Pour in with the macaroni and mix.""}, {""step_number"": 6, ""instruction"": ""Place in a greased ovenproof casserole dish. Top with butter, some grated cheese, and fine breadcrumbs. Bake in the center of the oven for about 30-45 minutes, depending on the dish’s depth.""}]",https://www.totallybarbados.com/articles/barbados-recipes/macaroni-pie-recipe/,https://www.youtube.com/watch?v=38dxvOH7Z-s,2026-10-02T09:17:34.157519+00:00,"Source omits servings, prep/cook times and difficulty; blanks import as SQL NULL. Description generated from source category/cuisine. Ingredient categories and balance groups assigned locally.",TheMealDB (https://www.themealdb.com); API terms: https://www.themealdb.com/terms_of_use.php,,
53504,Pasta,,pasta,Macaroni Pudding,International pasta recipe from TheMealDB.,,,,,https://www.themealdb.com/images/media/meals/hbte551782770868.jpg,https://www.themealdb.com/meal/53504,"[""pasta"", ""unknown"", ""ingredient:pasta""]","[{""canonical_name"": ""macaroni"", ""category"": ""Grains"", ""quantity"": 4.0, ""unit"": ""cup"", ""optional"": false, ""source_name"": ""Macaroni"", ""source_measure"": ""4 cups""}, {""canonical_name"": ""evaporated milk"", ""category"": ""Dairy"", ""quantity"": 4.0, ""unit"": ""cup"", ""optional"": false, ""source_name"": ""Evaporated Milk"", ""source_measure"": ""4 cups""}, {""canonical_name"": ""water"", ""category"": ""Other"", ""quantity"": 1.0, ""unit"": ""cup"", ""optional"": false, ""source_name"": ""Water"", ""source_measure"": ""1 cup""}, {""canonical_name"": ""sugar"", ""category"": ""Seasoning"", ""quantity"": 3.0, ""unit"": ""cup"", ""optional"": false, ""source_name"": ""Sugar"", ""source_measure"": ""3 Cups""}, {""canonical_name"": ""salt"", ""category"": ""Seasoning"", ""quantity"": 2.0, ""unit"": ""tsp"", ""optional"": false, ""source_name"": ""Salt"", ""source_measure"": ""2 tsp""}, {""canonical_name"": ""egg"", ""category"": ""Protein"", ""quantity"": 4.0, ""unit"": null, ""optional"": false, ""source_name"": ""Eggs"", ""source_measure"": ""4""}, {""canonical_name"": ""butter"", ""category"": ""Dairy"", ""quantity"": 0.25, ""unit"": ""cup"", ""optional"": false, ""source_name"": ""Butter"", ""source_measure"": ""1/4 cup""}, {""canonical_name"": ""raisins"", ""category"": ""Fruit"", ""quantity"": 1.0, ""unit"": ""cup"", ""optional"": false, ""source_name"": ""Raisins"", ""source_measure"": ""1 cup""}, {""canonical_name"": ""nutmeg"", ""category"": ""Other"", ""quantity"": 2.5, ""unit"": ""tsp"", ""optional"": false, ""source_name"": ""Nutmeg"", ""source_measure"": ""2 1/2 Tsp""}, {""canonical_name"": ""vanilla"", ""category"": ""Other"", ""quantity"": 2.0, ""unit"": ""tbsp"", ""optional"": false, ""source_name"": ""Vanilla"", ""source_measure"": ""2 tablespoons""}]","[{""step_number"": 1, ""instruction"": ""Add macaroni to large pan with sufficient water to cover (approximately 4 cups). Add salt and bring to boil until tender (approximately 25 -30 minutes). Meanwhile, beat eggs and sugar together, then add vanilla and nutmeg. Mix well and set aside. In a separate medium sauce pan, heat evaporated milk plus 1 cup of water and butter to almost a boiling point. Remove from heat and add to sugar mixture. Drain cooked macaroni. Add macaroni and raisins to the milk mixture and stir well. (This mixture will have quite a bit of liquid, but this will form a nice custard textured pudding once baked.)""}, {""step_number"": 2, ""instruction"": ""Grease a large baking dish with butter or margarine, add the macaroni mixture and sprinkle with additional nutmeg. Bake at 350° F for 1 hour or until golden brown. (Pudding should be firm enough to cut, but moist and not dry).""}]",https://www.ourcayman.ky/en-us/about/more-about-cayman/recipes,,2026-10-02T09:17:34.157519+00:00,"Source omits servings, prep/cook times and difficulty; blanks import as SQL NULL. Description generated from source category/cuisine. Ingredient categories and balance groups assigned locally.",TheMealDB (https://www.themealdb.com); API terms: https://www.themealdb.com/terms_of_use.php,,
52837,Pasta,Italian,pasta,Pilchard puttanesca,Italian pasta recipe from TheMealDB.,,,,,https://www.themealdb.com/images/media/meals/vvtvtr1511180578.jpg,https://www.themealdb.com/meal/52837,"[""pasta"", ""italian"", ""ingredient:pasta""]","[{""canonical_name"": ""spaghetti"", ""category"": ""Grains"", ""quantity"": 300.0, ""unit"": ""g"", ""optional"": false, ""source_name"": ""Spaghetti"", ""source_measure"": ""300g""}, {""canonical_name"": ""olive oil"", ""category"": ""Oil"", ""quantity"": 1.0, ""unit"": ""tbls"", ""optional"": false, ""source_name"": ""Olive Oil"", ""source_measure"": ""1 tbls""}, {""canonical_name"": ""onion"", ""category"": ""Vegetables"", ""quantity"": null, ""unit"": null, ""optional"": false, ""source_name"": ""Onion"", ""source_measure"": ""1 finely chopped""}, {""canonical_name"": ""garlic"", ""category"": ""Vegetables"", ""quantity"": null, ""unit"": null, ""optional"": false, ""source_name"": ""Garlic"", ""source_measure"": ""2 cloves minced""}, {""canonical_name"": ""red chilli"", ""category"": ""Seasoning"", ""quantity"": 1.0, ""unit"": null, ""optional"": false, ""source_name"": ""Red Chilli"", ""source_measure"": ""1""}, {""canonical_name"": ""tomato puree"", ""category"": ""Other"", ""quantity"": 1.0, ""unit"": ""tbls"", ""optional"": false, ""source_name"": ""Tomato Puree"", ""source_measure"": ""1 tbls""}, {""canonical_name"": ""pilchards"", ""category"": ""Other"", ""quantity"": 425.0, ""unit"": ""g"", ""optional"": false, ""source_name"": ""Pilchards"", ""source_measure"": ""425g""}, {""canonical_name"": ""black olives"", ""category"": ""Other"", ""quantity"": 70.0, ""unit"": ""g"", ""optional"": false, ""source_name"": ""Black Olives"", ""source_measure"": ""70g""}, {""canonical_name"": ""parmesan"", ""category"": ""Dairy"", ""quantity"": null, ""unit"": null, ""optional"": false, ""source_name"": ""Parmesan"", ""source_measure"": ""Shaved""}]","[{""step_number"": 1, ""instruction"": ""Cook the pasta following pack instructions. Heat the oil in a non-stick frying pan and cook the onion, garlic and chilli for 3-4 mins to soften. Stir in the tomato purée and cook for 1 min, then add the pilchards with their sauce. Cook, breaking up the fish with a wooden spoon, then add the olives and continue to cook for a few more mins.""}, {""step_number"": 2, ""instruction"": ""Drain the pasta and add to the pan with 2-3 tbsp of the cooking water. Toss everything together well, then divide between plates and serve, scattered with Parmesan.""}]",https://www.bbcgoodfood.com/recipes/pilchard-puttanesca,https://www.youtube.com/watch?v=wqZzLAPmr9k,2026-10-02T09:17:34.157519+00:00,"Source omits servings, prep/cook times and difficulty; blanks import as SQL NULL. Description generated from source category/cuisine. Ingredient categories and balance groups assigned locally.",TheMealDB (https://www.themealdb.com); API terms: https://www.themealdb.com/terms_of_use.php,,
52982,Pasta,Italian,pasta,Spaghetti alla Carbonara,Italian pasta recipe from TheMealDB.,,,,,https://www.themealdb.com/images/media/meals/llcbn01574260722.jpg,https://www.themealdb.com/meal/52982,"[""pasta"", ""italian"", ""ingredient:pasta"", ""bbq"", ""breakfast""]","[{""canonical_name"": ""spaghetti"", ""category"": ""Grains"", ""quantity"": 320.0, ""unit"": ""g"", ""optional"": false, ""source_name"": ""Spaghetti"", ""source_measure"": ""320g""}, {""canonical_name"": ""egg yolk"", ""category"": ""Protein"", ""quantity"": 6.0, ""unit"": null, ""optional"": false, ""source_name"": ""Egg Yolks"", ""source_measure"": ""6""}, {""canonical_name"": ""salt"", ""category"": ""Seasoning"", ""quantity"": null, ""unit"": null, ""optional"": false, ""source_name"": ""Salt"", ""source_measure"": ""As required""}, {""canonical_name"": ""bacon"", ""category"": ""Protein"", ""quantity"": 150.0, ""unit"": ""g"", ""optional"": false, ""source_name"": ""Bacon"", ""source_measure"": ""150g""}, {""canonical_name"": ""pecorino"", ""category"": ""Other"", ""quantity"": 50.0, ""unit"": ""g"", ""optional"": false, ""source_name"": ""Pecorino"", ""source_measure"": ""50g""}, {""canonical_name"": ""black pepper"", ""category"": ""Vegetables"", ""quantity"": null, ""unit"": null, ""optional"": false, ""source_name"": ""Black Pepper"", ""source_measure"": ""As required""}]","[{""step_number"": 1, ""instruction"": ""Put a large saucepan of water on to boil.""}, {""step_number"": 2, ""instruction"": ""Finely chop the 100g pancetta, having first removed any rind. Finely grate 50g pecorino cheese and 50g parmesan and mix them together.""}, {""step_number"": 3, ""instruction"": ""Beat the 3 large eggs in a medium bowl and season with a little freshly grated black pepper. Set everything aside.""}, {""step_number"": 4, ""instruction"": ""Add 1 tsp salt to the boiling water, add 350g spaghetti and when the water comes back to the boil, cook at a constant simmer, covered, for 10 minutes or until al dente (just cooked).""}, {""step_number"": 5, ""instruction"": ""Squash 2 peeled plump garlic cloves with the blade of a knife, just to bruise it.""}, {""step_number"": 6, ""instruction"": ""While the spaghetti is cooking, fry the pancetta with the garlic. Drop 50g unsalted butter into a large frying pan or wok and, as soon as the butter has melted, tip in the pancetta and garlic.""}, {""step_number"": 7, ""instruction"": ""Leave to cook on a medium heat for about 5 minutes, stirring often, until the pancetta is golden and crisp. The garlic has now imparted its flavour, so take it out with a slotted spoon and discard.""}, {""step_number"": 8, ""instruction"": ""Keep the heat under the pancetta on low. When the pasta is ready, lift it from the water with a pasta fork or tongs and put it in the frying pan with the pancetta. Don’t worry if a little water drops in the pan as well (you want this to happen) and don’t throw the pasta water away yet.""}, {""step_number"": 9, ""instruction"": ""Mix most of the cheese in with the eggs, keeping a small handful back for sprinkling over later.""}, {""step_number"": 10, ""instruction"": ""Take the pan of spaghetti and pancetta off the heat. Now quickly pour in the eggs and cheese. Using the tongs or a long fork, lift up the spaghetti so it mixes easily with the egg mixture, which thickens but doesn’t scramble, and everything is coated.""}, {""step_number"": 11, ""instruction"": ""Add extra pasta cooking water to keep it saucy (several tablespoons should do it). You don’t want it wet, just moist. Season with a little salt, if needed.""}, {""step_number"": 12, ""instruction"": ""Use a long-pronged fork to twist the pasta on to the serving plate or bowl. Serve immediately with a little sprinkling of the remaining cheese and a grating of black pepper. If the dish does get a little dry before serving, splash in some more hot pasta water and the glossy sauciness will be revived.""}]",https://www.bbcgoodfood.com/recipes/ultimate-spaghetti-carbonara-recipe,https://www.youtube.com/watch?v=_T6jkRvhlkk,2026-10-02T09:17:34.157519+00:00,"Source omits servings, prep/cook times and difficulty; blanks import as SQL NULL. Description generated from source category/cuisine. Ingredient categories and balance groups assigned locally.",TheMealDB (https://www.themealdb.com); API terms: https://www.themealdb.com/terms_of_use.php,,
53093,Pasta,Syrian,pasta,Syrian Spaghetti,Syrian pasta recipe from TheMealDB.,,,,,https://www.themealdb.com/images/media/meals/5fu4ew1760524857.jpg,https://www.themealdb.com/meal/53093,"[""pasta"", ""syrian"", ""ingredient:pasta""]","[{""canonical_name"": ""spaghetti"", ""category"": ""Grains"", ""quantity"": 16.0, ""unit"": ""oz"", ""optional"": false, ""source_name"": ""Spaghetti"", ""source_measure"": ""16 ounces""}, {""canonical_name"": ""tomato sauce"", ""category"": ""Condiments"", ""quantity"": 8.0, ""unit"": ""oz"", ""optional"": false, ""source_name"": ""Tomato Sauce"", ""source_measure"": ""8 ounces""}, {""canonical_name"": ""tomato puree"", ""category"": ""Other"", ""quantity"": 6.0, ""unit"": ""oz"", ""optional"": false, ""source_name"": ""Tomato Puree"", ""source_measure"": ""6 oz""}, {""canonical_name"": ""cinnamon"", ""category"": ""Seasoning"", ""quantity"": 1.0, ""unit"": ""tsp"", ""optional"": false, ""source_name"": ""Cinnamon"", ""source_measure"": ""1 teaspoon""}, {""canonical_name"": ""vegetable oil"", ""category"": ""Oil"", ""quantity"": 0.25, ""unit"": ""cup"", ""optional"": false, ""source_name"": ""Vegetable Oil"", ""source_measure"": ""1/4 cup""}, {""canonical_name"": ""salt"", ""category"": ""Seasoning"", ""quantity"": null, ""unit"": null, ""optional"": false, ""source_name"": ""Salt"", ""source_measure"": ""Dash""}, {""canonical_name"": ""pepper"", ""category"": ""Vegetables"", ""quantity"": null, ""unit"": null, ""optional"": false, ""source_name"": ""Pepper"", ""source_measure"": ""Dash""}]","[{""step_number"": 1, ""instruction"": ""Preheat oven to 350 degrees F (175 degrees C). Grease a 9x13 inch baking dish.""}, {""step_number"": 2, ""instruction"": ""Bring a large pot of lightly salted water to a boil. Add spaghetti and cook for 8 to 10 minutes or until al dente; drain and stir in tomato sauce, tomato paste, cinnamon, oil, salt and pepper. Transfer to prepared dish.""}, {""step_number"": 3, ""instruction"": ""Bake in preheated oven for 1 hour, or until top is crunchy.""}]",https://www.allrecipes.com/recipe/26303/syrian-spaghetti/,https://www.youtube.com/watch?v=MGmaX9Uv_Gs,2026-10-02T09:17:34.157519+00:00,"Source omits servings, prep/cook times and difficulty; blanks import as SQL NULL. Description generated from source category/cuisine. Ingredient categories and balance groups assigned locally.",TheMealDB (https://www.themealdb.com); API terms: https://www.themealdb.com/terms_of_use.php,,
52838,Pasta,Italian,pasta,Venetian Duck Ragu,Italian pasta recipe from TheMealDB.,,,,,https://www.themealdb.com/images/media/meals/qvrwpt1511181864.jpg,https://www.themealdb.com/meal/52838,"[""pasta"", ""italian"", ""ingredient:pasta""]","[{""canonical_name"": ""olive oil"", ""category"": ""Oil"", ""quantity"": 1.0, ""unit"": ""tbls"", ""optional"": false, ""source_name"": ""Olive Oil"", ""source_measure"": ""1 tbls""}, {""canonical_name"": ""duck legs"", ""category"": ""Protein"", ""quantity"": 4.0, ""unit"": null, ""optional"": false, ""source_name"": ""Duck Legs"", ""source_measure"": ""4""}, {""canonical_name"": ""onion"", ""category"": ""Vegetables"", ""quantity"": null, ""unit"": null, ""optional"": false, ""source_name"": ""Onions"", ""source_measure"": ""2 finely chopped""}, {""canonical_name"": ""garlic"", ""category"": ""Vegetables"", ""quantity"": null, ""unit"": null, ""optional"": false, ""source_name"": ""Garlic"", ""source_measure"": ""2 cloves minced""}, {""canonical_name"": ""cinnamon"", ""category"": ""Seasoning"", ""quantity"": null, ""unit"": null, ""optional"": false, ""source_name"": ""Cinnamon"", ""source_measure"": ""2 tsp ground""}, {""canonical_name"": ""flour"", ""category"": ""Grains"", ""quantity"": 2.0, ""unit"": ""tsp"", ""optional"": false, ""source_name"": ""Plain Flour"", ""source_measure"": ""2 tsp""}, {""canonical_name"": ""red wine"", ""category"": ""Other"", ""quantity"": 250.0, ""unit"": ""ml"", ""optional"": false, ""source_name"": ""Red Wine"", ""source_measure"": ""250ml""}, {""canonical_name"": ""tomato"", ""category"": ""Vegetables"", ""quantity"": 800.0, ""unit"": ""g"", ""optional"": false, ""source_name"": ""Chopped Tomatoes"", ""source_measure"": ""800g""}, {""canonical_name"": ""chicken stock cube"", ""category"": ""Protein"", ""quantity"": 1.0, ""unit"": null, ""optional"": false, ""source_name"": ""Chicken Stock Cube"", ""source_measure"": ""1""}, {""canonical_name"": ""rosemary"", ""category"": ""Seasoning"", ""quantity"": 3.0, ""unit"": ""sprigs"", ""optional"": false, ""source_name"": ""Rosemary"", ""source_measure"": ""3 sprigs""}, {""canonical_name"": ""bay leaves"", ""category"": ""Other"", ""quantity"": 2.0, ""unit"": null, ""optional"": false, ""source_name"": ""Bay Leaves"", ""source_measure"": ""2""}, {""canonical_name"": ""sugar"", ""category"": ""Seasoning"", ""quantity"": 1.0, ""unit"": ""tsp"", ""optional"": false, ""source_name"": ""Sugar"", ""source_measure"": ""1 tsp""}, {""canonical_name"": ""milk"", ""category"": ""Dairy"", ""quantity"": 2.0, ""unit"": ""tbsp"", ""optional"": false, ""source_name"": ""Milk"", ""source_measure"": ""2 tbs""}, {""canonical_name"": ""paccheri pasta"", ""category"": ""Grains"", ""quantity"": 600.0, ""unit"": ""g"", ""optional"": false, ""source_name"": ""Paccheri Pasta"", ""source_measure"": ""600g""}, {""canonical_name"": ""parmesan cheese"", ""category"": ""Dairy"", ""quantity"": null, ""unit"": null, ""optional"": false, ""source_name"": ""Parmesan Cheese"", ""source_measure"": ""Grated""}]","[{""step_number"": 1, ""instruction"": ""Heat the oil in a large pan. Add the duck legs and brown on all sides for about 10 mins. Remove to a plate and set aside. Add the onions to the pan and cook for 5 mins until softened. Add the garlic and cook for a further 1 min, then stir in the cinnamon and flour and cook for a further min. Return the duck to the pan, add the wine, tomatoes, stock, herbs, sugar and seasoning. Bring to a simmer, then lower the heat, cover with a lid and cook for 2 hrs, stirring every now and then.""}, {""step_number"": 2, ""instruction"": ""Carefully lift the duck legs out of the sauce and place on a plate – they will be very tender so try not to lose any of the meat. Pull off and discard the fat, then shred the meat with 2 forks and discard the bones. Add the meat back to the sauce with the milk and simmer, uncovered, for a further 10-15 mins while you cook the pasta.""}, {""step_number"": 3, ""instruction"": ""Cook the pasta following pack instructions, then drain, reserving a cup of the pasta water, and add the pasta to the ragu. Stir to coat all the pasta in the sauce and cook for 1 min more, adding a splash of cooking liquid if it looks dry. Serve with grated Parmesan, if you like.""}]",https://www.bbcgoodfood.com/recipes/venetian-duck-ragu,https://www.youtube.com/watch?v=oWQDVgjB_Lw,2026-10-02T09:17:34.157519+00:00,"Source omits servings, prep/cook times and difficulty; blanks import as SQL NULL. Description generated from source category/cuisine. Ingredient categories and balance groups assigned locally.",TheMealDB (https://www.themealdb.com); API terms: https://www.themealdb.com/terms_of_use.php,,
53156,Pork,Spanish,pork,Arroz al horno (baked rice),Spanish pork recipe from TheMealDB.,,,,,https://www.themealdb.com/images/media/meals/qt4i0n1763256454.jpg,https://www.themealdb.com/meal/53156,"[""pork"", ""spanish"", ""ingredient:pork""]","[{""canonical_name"": ""olive oil"", ""category"": ""Oil"", ""quantity"": 2.0, ""unit"": ""tbsp"", ""optional"": false, ""source_name"": ""Extra Virgin Olive Oil"", ""source_measure"": ""2 tbsp""}, {""canonical_name"": ""pork belly slices"", ""category"": ""Protein"", ""quantity"": 800.0, ""unit"": ""g"", ""optional"": false, ""source_name"": ""Pork belly slices"", ""source_measure"": ""800g""}, {""canonical_name"": ""black pudding"", ""category"": ""Other"", ""quantity"": 150.0, ""unit"": ""g"", ""optional"": false, ""source_name"": ""Black Pudding"", ""source_measure"": ""150g""}, {""canonical_name"": ""bacon lardon"", ""category"": ""Protein"", ""quantity"": 100.0, ""unit"": ""g"", ""optional"": false, ""source_name"": ""Bacon lardon"", ""source_measure"": ""100g""}, {""canonical_name"": ""onion"", ""category"": ""Vegetables"", ""quantity"": 1.0, ""unit"": ""chopped"", ""optional"": false, ""source_name"": ""Onion"", ""source_measure"": ""1 chopped""}, {""canonical_name"": ""bell pepper"", ""category"": ""Vegetables"", ""quantity"": 2.0, ""unit"": null, ""optional"": false, ""source_name"": ""Red Pepper"", ""source_measure"": ""2""}, {""canonical_name"": ""plum tomatoes"", ""category"": ""Fruit"", ""quantity"": 1.0, ""unit"": ""chopped"", ""optional"": false, ""source_name"": ""Plum Tomatoes"", ""source_measure"": ""1 chopped""}, {""canonical_name"": ""garlic"", ""category"": ""Vegetables"", ""quantity"": 8.0, ""unit"": null, ""optional"": false, ""source_name"": ""Garlic Clove"", ""source_measure"": ""8""}, {""canonical_name"": ""paprika"", ""category"": ""Seasoning"", ""quantity"": 4.0, ""unit"": ""tsp"", ""optional"": false, ""source_name"": ""Paprika"", ""source_measure"": ""4 teaspoons""}, {""canonical_name"": ""chilli flakes"", ""category"": ""Seasoning"", ""quantity"": 0.5, ""unit"": ""tsp"", ""optional"": false, ""source_name"": ""Chilli Flakes"", ""source_measure"": ""1/2 teaspoon""}, {""canonical_name"": ""dried white beans"", ""category"": ""Legumes"", ""quantity"": 200.0, ""unit"": ""g"", ""optional"": false, ""source_name"": ""Dried white beans"", ""source_measure"": ""200g""}, {""canonical_name"": ""chicken stock"", ""category"": ""Protein"", ""quantity"": 1.5, ""unit"": ""l"", ""optional"": false, ""source_name"": ""Chicken Stock"", ""source_measure"": ""1 1/2 L""}, {""canonical_name"": ""thyme"", ""category"": ""Seasoning"", ""quantity"": 6.0, ""unit"": ""parts"", ""optional"": false, ""source_name"": ""Thyme"", ""source_measure"": ""6 parts""}, {""canonical_name"": ""paella rice"", ""category"": ""Grains"", ""quantity"": 375.0, ""unit"": ""g"", ""optional"": false, ""source_name"": ""Paella Rice"", ""source_measure"": ""375g""}, {""canonical_name"": ""lemon juice"", ""category"": ""Other"", ""quantity"": 1.0, ""unit"": null, ""optional"": false, ""source_name"": ""Lemon Juice"", ""source_measure"": ""1""}]","[{""step_number"": 1, ""instruction"": ""Heat oven to 200C/180C/gas 6. Heat half the oil in a deep frying or sauté pan (or shallow casserole dish) measuring around 30cm in diameter. Over a high heat, colour the pork belly slices on each side in several batches, then transfer to a bowl. Add the remaining oil to the pan and lower the heat to medium, then add the black pudding and bacon and fry all over for several mins. Remove with a slotted spoon. Fry the onion and peppers for around 10 mins until soft and pale gold, then add the tomato and cook until soft. Add the garlic, smoked paprika and chilli flakes and cook for another 2 mins, then put the pork, black pudding and bacon back in the pan. Add the beans, stock and whichever herb you're using, and bring everything to the boil.""}, {""step_number"": 2, ""instruction"": ""Sprinkle the rice around the pork belly, pushing it underneath the stock. Let the stock come to the boil again, season well, then transfer to the oven (leave it uncovered). Cook for 20 mins without stirring, then check to see how the rice is doing. The rice should be tender and the stock absorbed. If it’s not ready, put back in the oven for another 5 mins, then check again. Taste for seasoning.""}, {""step_number"": 3, ""instruction"": ""Squeeze lemon juice over the top and drizzle over some extra virgin olive oil just before serving, if you like.""}]",https://www.bbcgoodfood.com/recipes/arroz-al-horno-baked-rice,https://www.youtube.com/watch?v=f-waAIrn2iA,2026-10-02T09:17:34.157519+00:00,"Source omits servings, prep/cook times and difficulty; blanks import as SQL NULL. Description generated from source category/cuisine. Ingredient categories and balance groups assigned locally.",TheMealDB (https://www.themealdb.com); API terms: https://www.themealdb.com/terms_of_use.php,,
53496,Pork,,pork,Bai Sach Chrouk – Grilled Pork with Rice,International pork recipe from TheMealDB.,,,,,https://www.themealdb.com/images/media/meals/f0cdwk1782688162.jpg,https://www.themealdb.com/meal/53496,"[""pork"", ""unknown"", ""ingredient:pork""]","[{""canonical_name"": ""pork shoulder"", ""category"": ""Protein"", ""quantity"": 650.0, ""unit"": ""g"", ""optional"": false, ""source_name"": ""Pork Shoulder"", ""source_measure"": ""650g""}, {""canonical_name"": ""coconut milk"", ""category"": ""Other"", ""quantity"": 0.25, ""unit"": ""cup"", ""optional"": false, ""source_name"": ""Coconut Milk"", ""source_measure"": ""1/4 cup""}, {""canonical_name"": ""soy sauce"", ""category"": ""Condiments"", ""quantity"": 3.0, ""unit"": ""tbsp"", ""optional"": false, ""source_name"": ""Soy Sauce"", ""source_measure"": ""3  tablespoons""}, {""canonical_name"": ""oyster sauce"", ""category"": ""Condiments"", ""quantity"": 2.0, ""unit"": ""tbsp"", ""optional"": false, ""source_name"": ""Oyster Sauce"", ""source_measure"": ""2 tablespoons""}, {""canonical_name"": ""honey"", ""category"": ""Condiments"", ""quantity"": 2.0, ""unit"": ""tbsp"", ""optional"": false, ""source_name"": ""Honey"", ""source_measure"": ""2 tablespoons""}, {""canonical_name"": ""garlic"", ""category"": ""Vegetables"", ""quantity"": 4.0, ""unit"": ""cloves"", ""optional"": false, ""source_name"": ""Garlic"", ""source_measure"": ""4 cloves""}, {""canonical_name"": ""black pepper"", ""category"": ""Vegetables"", ""quantity"": 1.0, ""unit"": ""tsp"", ""optional"": false, ""source_name"": ""Black Pepper"", ""source_measure"": ""1 tsp""}, {""canonical_name"": ""jasmine rice"", ""category"": ""Grains"", ""quantity"": 2.0, ""unit"": ""cup"", ""optional"": false, ""source_name"": ""Jasmine Rice"", ""source_measure"": ""2 cups""}, {""canonical_name"": ""water"", ""category"": ""Other"", ""quantity"": 4.0, ""unit"": ""cup"", ""optional"": false, ""source_name"": ""Water"", ""source_measure"": ""4 cups""}, {""canonical_name"": ""vegetable oil"", ""category"": ""Oil"", ""quantity"": 1.0, ""unit"": ""tbsp"", ""optional"": false, ""source_name"": ""Vegetable Oil"", ""source_measure"": ""1 tablespoon""}, {""canonical_name"": ""cucumber"", ""category"": ""Vegetables"", ""quantity"": 1.0, ""unit"": ""sliced"", ""optional"": false, ""source_name"": ""Cucumber"", ""source_measure"": ""1 sliced""}, {""canonical_name"": ""cilantro leaves"", ""category"": ""Other"", ""quantity"": null, ""unit"": null, ""optional"": false, ""source_name"": ""Cilantro Leaves"", ""source_measure"": ""Garnish""}]","[{""step_number"": 1, ""instruction"": ""In a large bowl, combine the coconut milk, soy sauce, oyster sauce, honey, minced garlic, and black pepper to make the marinade.""}, {""step_number"": 2, ""instruction"": ""Add the thinly sliced pork shoulder to the marinade, ensuring each piece is fully coated, then cover and refrigerate for at least 30 minutes to allow the flavors to penetrate.""}, {""step_number"": 3, ""instruction"": ""While the pork marinates, rinse the jasmine rice under cold water until the water runs clear to remove excess starch, which helps prevent clumping.""}, {""step_number"": 4, ""instruction"": ""In a medium pot, combine the rinsed rice and 4 cups of water, bring to a boil over high heat, then reduce to a simmer, cover, and cook for 15 minutes until the water is absorbed and the rice is tender.""}, {""step_number"": 5, ""instruction"": ""Heat a grill pan or outdoor grill to medium-high heat (about 400°F) and lightly brush with vegetable oil to prevent sticking.""}, {""step_number"": 6, ""instruction"": ""Remove the pork from the marinade, shaking off any excess, and place it on the hot grill, cooking for 3-4 minutes per side until nicely charred and cooked through with an internal temperature of 145°F.""}, {""step_number"": 7, ""instruction"": ""Tip: Avoid overcrowding the grill pan to ensure even browning and proper caramelization of the marinade.""}, {""step_number"": 8, ""instruction"": ""Once the pork is grilled, let it rest for 5 minutes before slicing to retain its juices and tenderness.""}, {""step_number"": 9, ""instruction"": ""Tip: If you prefer a saucier dish, simmer the leftover marinade in a small saucepan for 5 minutes until slightly thickened and drizzle it over the pork.""}, {""step_number"": 10, ""instruction"": ""Fluff the cooked rice with a fork to separate the grains and serve it warm alongside the grilled pork slices.""}, {""step_number"": 11, ""instruction"": ""Arrange the thinly sliced cucumber and fresh cilantro leaves on top as a refreshing garnish.""}, {""step_number"": 12, ""instruction"": ""Tip: For an extra kick, serve with a side of pickled vegetables or a squeeze of lime juice to balance the rich, savory flavors.""}]",https://recipes-for-life.com/cambodian-recipes/,,2026-10-02T09:17:34.157519+00:00,"Source omits servings, prep/cook times and difficulty; blanks import as SQL NULL. Description generated from source category/cuisine. Ingredient categories and balance groups assigned locally.",TheMealDB (https://www.themealdb.com); API terms: https://www.themealdb.com/terms_of_use.php,,
53166,Pork,Spanish,pork,"Chickpea, chorizo & spinach stew",Spanish pork recipe from TheMealDB.,,,,,https://www.themealdb.com/images/media/meals/xvnx8j1763287209.jpg,https://www.themealdb.com/meal/53166,"[""pork"", ""spanish"", ""ingredient:pork""]","[{""canonical_name"": ""olive oil"", ""category"": ""Oil"", ""quantity"": 4.0, ""unit"": ""tbsp"", ""optional"": false, ""source_name"": ""Extra Virgin Olive Oil"", ""source_measure"": ""4 tablespoons""}, {""canonical_name"": ""onion"", ""category"": ""Vegetables"", ""quantity"": 1.0, ""unit"": ""chopped"", ""optional"": false, ""source_name"": ""Onion"", ""source_measure"": ""1 chopped""}, {""canonical_name"": ""carrot"", ""category"": ""Vegetables"", ""quantity"": 1.0, ""unit"": ""diced"", ""optional"": false, ""source_name"": ""Carrots"", ""source_measure"": ""1 Diced""}, {""canonical_name"": ""celery"", ""category"": ""Vegetables"", ""quantity"": 1.0, ""unit"": ""diced"", ""optional"": false, ""source_name"": ""Celery"", ""source_measure"": ""1 Diced""}, {""canonical_name"": ""thyme"", ""category"": ""Seasoning"", ""quantity"": 3.0, ""unit"": null, ""optional"": false, ""source_name"": ""Thyme"", ""source_measure"": ""3""}, {""canonical_name"": ""bay leaves"", ""category"": ""Other"", ""quantity"": 2.0, ""unit"": null, ""optional"": false, ""source_name"": ""Bay Leaves"", ""source_measure"": ""2""}, {""canonical_name"": ""garlic"", ""category"": ""Vegetables"", ""quantity"": null, ""unit"": null, ""optional"": false, ""source_name"": ""Garlic"", ""source_measure"": ""2 cloves chopped""}, {""canonical_name"": ""chorizo"", ""category"": ""Protein"", ""quantity"": 200.0, ""unit"": ""g"", ""optional"": false, ""source_name"": ""Chorizo"", ""source_measure"": ""200g""}, {""canonical_name"": ""cinnamon"", ""category"": ""Seasoning"", ""quantity"": 0.25, ""unit"": ""tsp"", ""optional"": false, ""source_name"": ""Cinnamon"", ""source_measure"": ""1/4 tsp""}, {""canonical_name"": ""paprika"", ""category"": ""Seasoning"", ""quantity"": 1.0, ""unit"": ""tsp"", ""optional"": false, ""source_name"": ""Paprika"", ""source_measure"": ""1 teaspoon""}, {""canonical_name"": ""chickpea"", ""category"": ""Legumes"", ""quantity"": 800.0, ""unit"": ""g"", ""optional"": false, ""source_name"": ""Chickpeas"", ""source_measure"": ""800g""}, {""canonical_name"": ""sherry vinegar"", ""category"": ""Condiments"", ""quantity"": 2.0, ""unit"": ""tblsp"", ""optional"": false, ""source_name"": ""Sherry vinegar"", ""source_measure"": ""2 tblsp""}, {""canonical_name"": ""spinach"", ""category"": ""Vegetables"", ""quantity"": 400.0, ""unit"": ""g"", ""optional"": false, ""source_name"": ""Spinach"", ""source_measure"": ""400g""}]","[{""step_number"": 1, ""instruction"": ""Heat the oil in a large pan, then gently fry the onion for 3-4 mins until it begins to soften. Stir in the carrot, celery, thyme and bay leaves. Season, then cook for 2-3 mins, stirring occasionally. Add the garlic, chorizo, cinnamon and smoked paprika. Gently fry until the vegetables soften and the chorizo starts to release its oils and crisp up.""}, {""step_number"": 2, ""instruction"": ""Stir in the chickpeas, vinegar and 150ml water, then bring to a simmer for 1-2 mins until the chickpeas have heated up. Add the spinach, then stir through the chickpeas until it wilts a little. Remove from the heat, season to taste, then serve warm with crusty bread.""}]",https://www.bbcgoodfood.com/recipes/chickpea-chorizo-spinach-stew,https://www.youtube.com/watch?v=nI2Sm4B3gWU,2026-10-02T09:17:34.157519+00:00,"Source omits servings, prep/cook times and difficulty; blanks import as SQL NULL. Description generated from source category/cuisine. Ingredient categories and balance groups assigned locally.",TheMealDB (https://www.themealdb.com); API terms: https://www.themealdb.com/terms_of_use.php,,
53044,Pork,Portuguese,pork,Portuguese barbecued pork (Febras assadas),Portuguese pork recipe from TheMealDB.,,,,,https://www.themealdb.com/images/media/meals/cybyue1614349443.jpg,https://www.themealdb.com/meal/53044,"[""pork"", ""portuguese"", ""ingredient:pork""]","[{""canonical_name"": ""pork"", ""category"": ""Protein"", ""quantity"": 2.0, ""unit"": null, ""optional"": false, ""source_name"": ""Pork"", ""source_measure"": ""2""}, {""canonical_name"": ""white wine"", ""category"": ""Other"", ""quantity"": 200.0, ""unit"": ""ml"", ""optional"": false, ""source_name"": ""White Wine"", ""source_measure"": ""200ml""}, {""canonical_name"": ""paprika"", ""category"": ""Seasoning"", ""quantity"": 0.5, ""unit"": ""tsp"", ""optional"": false, ""source_name"": ""Paprika"", ""source_measure"": ""1/2 tsp""}, {""canonical_name"": ""lemon"", ""category"": ""Fruit"", ""quantity"": 2.0, ""unit"": null, ""optional"": false, ""source_name"": ""Lemon"", ""source_measure"": ""2""}, {""canonical_name"": ""lemon juice"", ""category"": ""Other"", ""quantity"": 0.5, ""unit"": null, ""optional"": false, ""source_name"": ""Lemon Juice"", ""source_measure"": ""1/2""}, {""canonical_name"": ""olive oil"", ""category"": ""Oil"", ""quantity"": null, ""unit"": null, ""optional"": false, ""source_name"": ""Olive Oil"", ""source_measure"": ""Dash""}, {""canonical_name"": ""mayonnaise"", ""category"": ""Condiments"", ""quantity"": null, ""unit"": null, ""optional"": false, ""source_name"": ""Mayonnaise"", ""source_measure"": ""To serve""}, {""canonical_name"": ""potato"", ""category"": ""Vegetables"", ""quantity"": 1.0, ""unit"": ""kg"", ""optional"": false, ""source_name"": ""Potatoes"", ""source_measure"": ""1 kg""}, {""canonical_name"": ""vegetable oil"", ""category"": ""Oil"", ""quantity"": null, ""unit"": null, ""optional"": false, ""source_name"": ""Vegetable Oil"", ""source_measure"": ""For frying""}]","[{""step_number"": 1, ""instruction"": ""Cut the tenderloins into 5 equal-size pieces leaving the tail ends a little longer. Take a clear plastic bag and slip one of the pieces in. Bash it into an escalope the size of a side-plate with a rolling pin and repeat with the remaining pieces.""}, {""step_number"": 2, ""instruction"": ""Put the wine, paprika, some salt and pepper and the juice of ½ a lemon in a bowl and add the pork. Leave to marinate for 20-30 minutes, while you get your barbecue to the stage where the coals are glowing but there are no flames.""}, {""step_number"": 3, ""instruction"": ""To make the chips, fill a basin with cool water and cut the potatoes into 3cm-thick chips. Soak them in the water for 5 minutes and then change the water. Leave for 5 more minutes. Drain and then pat dry on a towel or with kitchen paper.""}, {""step_number"": 4, ""instruction"": ""Heat the oil in a deep fryer or a deep heavy-based pan with a lid to 130C and lower the chips into the oil (in batches). Blanch for 8-10 minutes. Remove from the oil and drain well. Place on a tray to cool. Reheat the oil to 180C (make sure it’s hot or your chips will be soggy) and lower the basket of chips into the oil (again, do this in batches). Leave to cook for 2 minutes and then give them a little shake. Cook for another minute or so until they are well coloured and crisp to the touch. Drain well for a few minutes, tip into a bowl and sprinkle with sea salt.""}, {""step_number"": 5, ""instruction"": ""The pork will cook quickly so do it in 2 batches. Take the pieces out of the marinade, rub them with oil, and drop them onto the barbecue (you could also use a chargrill). Cook for 1 minute on each side – they may flare up as you do so. This should really be enough time as they will keep on cooking. Take them off the barbecue and pile onto a plate. Repeat with the remaining batch.""}, {""step_number"": 6, ""instruction"": ""Serve by piling a plate with chips, drop the pork on top of each pile and pouring the juices from the plate over so the chips take up the flavours. Top with a spoon of mayonnaise and a wedge of lemon.""}]",https://www.olivemagazine.com/recipes/meat-and-poultry/febras-assadas-portuguese-barbecued-pork-served-with-lemon-and-mayo-on-chips/,https://www.youtube.com/watch?v=tVpsZaejyYU,2026-10-02T09:17:34.157519+00:00,"Source omits servings, prep/cook times and difficulty; blanks import as SQL NULL. Description generated from source category/cuisine. Ingredient categories and balance groups assigned locally.",TheMealDB (https://www.themealdb.com); API terms: https://www.themealdb.com/terms_of_use.php,,
53499,Pork,,pork,Prahok Ktis – Pork and Coconut Dip,International pork recipe from TheMealDB.,,,,,https://www.themealdb.com/images/media/meals/g80f4t1782690273.jpg,https://www.themealdb.com/meal/53499,"[""pork"", ""unknown"", ""ingredient:pork""]","[{""canonical_name"": ""ground pork"", ""category"": ""Protein"", ""quantity"": 1.0, ""unit"": ""lb"", ""optional"": false, ""source_name"": ""Ground Pork"", ""source_measure"": ""1 lb""}, {""canonical_name"": ""coconut milk"", ""category"": ""Other"", ""quantity"": 1.0, ""unit"": ""cup"", ""optional"": false, ""source_name"": ""Coconut Milk"", ""source_measure"": ""1 cup""}, {""canonical_name"": ""prahok"", ""category"": ""Other"", ""quantity"": 3.0, ""unit"": ""tbsp"", ""optional"": false, ""source_name"": ""Prahok"", ""source_measure"": ""3  tablespoons""}, {""canonical_name"": ""vegetable oil"", ""category"": ""Oil"", ""quantity"": 2.0, ""unit"": ""tbsp"", ""optional"": false, ""source_name"": ""Vegetable Oil"", ""source_measure"": ""2 tablespoons""}, {""canonical_name"": ""garlic"", ""category"": ""Vegetables"", ""quantity"": null, ""unit"": null, ""optional"": false, ""source_name"": ""Garlic"", ""source_measure"": ""4 Cloves Crushed""}, {""canonical_name"": ""shallots"", ""category"": ""Other"", ""quantity"": 2.0, ""unit"": ""chopped"", ""optional"": false, ""source_name"": ""Shallots"", ""source_measure"": ""2 chopped""}, {""canonical_name"": ""chilli"", ""category"": ""Seasoning"", ""quantity"": 2.0, ""unit"": null, ""optional"": false, ""source_name"": ""Chilli"", ""source_measure"": ""2""}, {""canonical_name"": ""brown sugar"", ""category"": ""Seasoning"", ""quantity"": 1.0, ""unit"": ""tbsp"", ""optional"": false, ""source_name"": ""Brown Sugar"", ""source_measure"": ""1 tablespoon""}, {""canonical_name"": ""fish sauce"", ""category"": ""Protein"", ""quantity"": 2.0, ""unit"": ""tbsp"", ""optional"": false, ""source_name"": ""Fish Sauce"", ""source_measure"": ""2 tablespoons""}, {""canonical_name"": ""lime"", ""category"": ""Fruit"", ""quantity"": null, ""unit"": null, ""optional"": false, ""source_name"": ""Lime"", ""source_measure"": ""Juice of 1""}, {""canonical_name"": ""coriander"", ""category"": ""Seasoning"", ""quantity"": null, ""unit"": null, ""optional"": false, ""source_name"": ""Cilantro"", ""source_measure"": ""Garnish""}]","[{""step_number"": 1, ""instruction"": ""Heat 2 tbsp vegetable oil in a large skillet over medium-high heat until shimmering, about 1 minute.""}, {""step_number"": 2, ""instruction"": ""Add 4 cloves minced garlic and 2 finely chopped shallots to the skillet, stirring constantly until fragrant and lightly golden, 2-3 minutes.""}, {""step_number"": 3, ""instruction"": ""Tip: Keep the heat medium to prevent burning—garlic can turn bitter if overcooked.""}, {""step_number"": 4, ""instruction"": ""Add 1 lb ground pork to the skillet, breaking it up with a spoon, and cook until no pink remains, 5-7 minutes.""}, {""step_number"": 5, ""instruction"": ""Stir in 3 tbsp prahok and cook for 1 minute to blend the flavors, mashing it slightly into the pork.""}, {""step_number"": 6, ""instruction"": ""Pour in 1 cup coconut milk, stirring to combine, then reduce heat to medium-low and simmer for 10 minutes until the mixture thickens slightly.""}, {""step_number"": 7, ""instruction"": ""Tip: Simmer gently to avoid curdling the coconut milk—a steady bubble is ideal.""}, {""step_number"": 8, ""instruction"": ""Add 2 tbsp fish sauce, 1 tbsp palm sugar, and 2 minced Thai chilies, stirring until the sugar dissolves, about 2 minutes.""}, {""step_number"": 9, ""instruction"": ""Remove the skillet from heat and stir in 2 tbsp lime juice, mixing thoroughly.""}, {""step_number"": 10, ""instruction"": ""Tip: Add lime juice off the heat to preserve its fresh, tangy flavor without cooking it out.""}, {""step_number"": 11, ""instruction"": ""Transfer the dip to a serving bowl and garnish with ¼ cup chopped fresh cilantro.""}, {""step_number"": 12, ""instruction"": ""Let the dip cool for 5 minutes before serving to allow the flavors to meld.""}]",https://recipes-for-life.com/cambodian-recipes/,,2026-10-02T09:17:34.157519+00:00,"Source omits servings, prep/cook times and difficulty; blanks import as SQL NULL. Description generated from source category/cuisine. Ingredient categories and balance groups assigned locally.",TheMealDB (https://www.themealdb.com); API terms: https://www.themealdb.com/terms_of_use.php,,
53124,Pork,Norway,pork,Raspeballer (Norwegian Potato Dumplings),Norway pork recipe from TheMealDB.,,,,,https://www.themealdb.com/images/media/meals/hhm7xy1763075871.jpg,https://www.themealdb.com/meal/53124,"[""pork"", ""norway"", ""ingredient:pork""]","[{""canonical_name"": ""pork knuckle"", ""category"": ""Protein"", ""quantity"": 1.0, ""unit"": null, ""optional"": false, ""source_name"": ""Pork knuckle"", ""source_measure"": ""1""}, {""canonical_name"": ""sausages"", ""category"": ""Protein"", ""quantity"": 1.0, ""unit"": null, ""optional"": false, ""source_name"": ""Sausages"", ""source_measure"": ""1""}, {""canonical_name"": ""potato"", ""category"": ""Vegetables"", ""quantity"": 1.0, ""unit"": ""lb"", ""optional"": false, ""source_name"": ""Potatoes"", ""source_measure"": ""1 lb""}, {""canonical_name"": ""red potatoes"", ""category"": ""Other"", ""quantity"": 2.0, ""unit"": ""lb"", ""optional"": false, ""source_name"": ""Red Potatoes"", ""source_measure"": ""2 Lbs""}, {""canonical_name"": ""flour"", ""category"": ""Grains"", ""quantity"": null, ""unit"": null, ""optional"": false, ""source_name"": ""Flour / All purpose flour"", ""source_measure"": ""1 1/4 cup / 2 tblsp""}, {""canonical_name"": ""salt"", ""category"": ""Seasoning"", ""quantity"": 1.0, ""unit"": ""tsp"", ""optional"": false, ""source_name"": ""Salt"", ""source_measure"": ""1 teaspoon""}, {""canonical_name"": ""bouillon cubes"", ""category"": ""Other"", ""quantity"": 4.0, ""unit"": null, ""optional"": false, ""source_name"": ""Bouillon Cubes"", ""source_measure"": ""4""}, {""canonical_name"": ""freshly chopped parsley"", ""category"": ""Other"", ""quantity"": null, ""unit"": null, ""optional"": false, ""source_name"": ""Freshly Chopped Parsley"", ""source_measure"": ""Pinch""}, {""canonical_name"": ""swede"", ""category"": ""Other"", ""quantity"": 1.0, ""unit"": null, ""optional"": false, ""source_name"": ""Swede"", ""source_measure"": ""1""}, {""canonical_name"": ""carrot"", ""category"": ""Vegetables"", ""quantity"": 2.0, ""unit"": null, ""optional"": false, ""source_name"": ""Carrots"", ""source_measure"": ""2""}, {""canonical_name"": ""cream"", ""category"": ""Dairy"", ""quantity"": 0.25, ""unit"": ""cup"", ""optional"": false, ""source_name"": ""Cream"", ""source_measure"": ""1/4 cup""}, {""canonical_name"": ""butter"", ""category"": ""Dairy"", ""quantity"": 1.0, ""unit"": ""tblsp"", ""optional"": false, ""source_name"": ""Butter"", ""source_measure"": ""1 tblsp""}, {""canonical_name"": ""nutmeg"", ""category"": ""Other"", ""quantity"": 1.0, ""unit"": ""tsp"", ""optional"": false, ""source_name"": ""Nutmeg"", ""source_measure"": ""1 teaspoon""}]","[{""step_number"": 1, ""instruction"": ""Raspeballer & (Optional) Salted Meat""}, {""step_number"": 2, ""instruction"": ""▢""}, {""step_number"": 3, ""instruction"": ""If you're making pork knuckle, cook it in simmering water for about 3 hours, until the meat falls from the bone. Remove the pork and save the broth to cook the raspeballer.""}, {""step_number"": 4, ""instruction"": ""▢""}, {""step_number"": 5, ""instruction"": ""Boil the boiled potatoes and peel once cooled. Also peel the raw potatoes, and then grate them or run them through a food processor. Use a paper towel to remove some of the moisture from the grated potatoes.""}, {""step_number"": 6, ""instruction"": ""▢""}, {""step_number"": 7, ""instruction"": ""Mash the boiled potatoes in a potato ricer or with a masher. Make sure there are no lumps. Add the grated raw potatoes to the mashed potatoes in a large mixing bowl and stir together. Add the barley flour, all purpose flour, and salt and mix together with your hands until the mixture is fully blended.""}, {""step_number"": 8, ""instruction"": ""▢""}, {""step_number"": 9, ""instruction"": ""You can cook the raspeballer in either vegetable or beef broth, or if you're making pork knuckle, cook them in the broth from the pork knuckle. Bring the broth to a very light simmer – you don't want it to fully boil because then the raspeballer might break apart.""}, {""step_number"": 10, ""instruction"": ""▢""}, {""step_number"": 11, ""instruction"": ""Use a tablespoon dipped in cold water to shape each raspeball in your hand. Try to make them as smooth as possible and then gently drop them into the simmering broth. Dip the tablespoon in a bowl of cold water between each raspeball.""}, {""step_number"": 12, ""instruction"": ""▢""}, {""step_number"": 13, ""instruction"": ""Let the raspeballer simmer for about 30 minutes. If you're making smoked sausage, you can heat the sausage in the same pot with the raspeballer. Top with fresh chopped parsley.""}, {""step_number"": 14, ""instruction"": ""Mashed Rutabaga""}, {""step_number"": 15, ""instruction"": ""▢""}, {""step_number"": 16, ""instruction"": ""Peel the rutabaga and carrots and cut into small pieces. Boil in water for about 30 minutes, or until tender. Then drain the water, add the cream/milk, butter and nutmeg and mash until smooth.""}, {""step_number"": 17, ""instruction"": ""▢""}, {""step_number"": 18, ""instruction"": ""Serve alongside the raspeballer and meat.""}]",https://scandinaviancookbook.com/raspeballer-norwegian-potato-dumplings/,https://www.youtube.com/watch?v=2NFNabRkF04,2026-10-02T09:17:34.157519+00:00,"Source omits servings, prep/cook times and difficulty; blanks import as SQL NULL. Description generated from source category/cuisine. Ingredient categories and balance groups assigned locally.",TheMealDB (https://www.themealdb.com); API terms: https://www.themealdb.com/terms_of_use.php,,
52926,Pork,Canadian,pork,Tourtiere,Canadian pork recipe from TheMealDB.,,,,,https://www.themealdb.com/images/media/meals/ytpstt1511814614.jpg,https://www.themealdb.com/meal/52926,"[""pork"", ""canadian"", ""ingredient:pork"", ""pie"", ""mainmeal"", ""bbq"", ""cake""]","[{""canonical_name"": ""potato"", ""category"": ""Vegetables"", ""quantity"": 1.0, ""unit"": ""medium"", ""optional"": false, ""source_name"": ""Potatoes"", ""source_measure"": ""1 medium""}, {""canonical_name"": ""sunflower oil"", ""category"": ""Oil"", ""quantity"": 1.0, ""unit"": ""tsp"", ""optional"": false, ""source_name"": ""Sunflower Oil"", ""source_measure"": ""1 tsp""}, {""canonical_name"": ""minced pork"", ""category"": ""Protein"", ""quantity"": 500.0, ""unit"": ""g"", ""optional"": false, ""source_name"": ""Minced Pork"", ""source_measure"": ""500g""}, {""canonical_name"": ""onion"", ""category"": ""Vegetables"", ""quantity"": null, ""unit"": null, ""optional"": false, ""source_name"": ""Onion"", ""source_measure"": ""1 finely chopped""}, {""canonical_name"": ""garlic"", ""category"": ""Vegetables"", ""quantity"": null, ""unit"": null, ""optional"": false, ""source_name"": ""Garlic Clove"", ""source_measure"": ""1 finely chopped""}, {""canonical_name"": ""cinnamon"", ""category"": ""Seasoning"", ""quantity"": 0.25, ""unit"": ""tsp"", ""optional"": false, ""source_name"": ""Cinnamon"", ""source_measure"": ""¼ tsp""}, {""canonical_name"": ""allspice"", ""category"": ""Seasoning"", ""quantity"": 0.25, ""unit"": ""tsp"", ""optional"": false, ""source_name"": ""Allspice"", ""source_measure"": ""¼ tsp""}, {""canonical_name"": ""nutmeg"", ""category"": ""Other"", ""quantity"": 0.25, ""unit"": ""tsp"", ""optional"": false, ""source_name"": ""Nutmeg"", ""source_measure"": ""¼ tsp""}, {""canonical_name"": ""vegetable stock"", ""category"": ""Condiments"", ""quantity"": 100.0, ""unit"": ""ml"", ""optional"": false, ""source_name"": ""Vegetable Stock"", ""source_measure"": ""100ml""}, {""canonical_name"": ""shortcrust pastry"", ""category"": ""Other"", ""quantity"": 400.0, ""unit"": ""g"", ""optional"": false, ""source_name"": ""Shortcrust Pastry"", ""source_measure"": ""400g""}, {""canonical_name"": ""egg"", ""category"": ""Protein"", ""quantity"": null, ""unit"": null, ""optional"": false, ""source_name"": ""Egg"", ""source_measure"": ""To Glaze""}]","[{""step_number"": 1, ""instruction"": ""Heat oven to 200C/180C fan/gas 6. Boil the potato until tender, drain and mash, then leave to cool. Heat the oil in a non-stick pan, add the mince and onion and quickly fry until browned. Add the garlic, spices, stock, plenty of pepper and a little salt and mix well. Remove from the heat, stir into the potato and leave to cool.""}, {""step_number"": 2, ""instruction"": ""Roll out half the pastry and line the base of a 20-23cm pie plate or flan tin. Fill with the pork mixture and brush the edges of the pastry with water. Roll out the remaining dough and cover the pie. Press the edges of the pastry to seal, trimming off the excess. Prick the top of the pastry case to allow steam to escape and glaze the top with the beaten egg.""}, {""step_number"": 3, ""instruction"": ""Bake for 30 mins until the pastry is crisp and golden. Serve cut into wedges with a crisp green salad. Leftovers are good cold for lunch the next day, served with a selection of pickles.""}]",https://www.bbcgoodfood.com/recipes/531644/spiced-pork-and-potato-pie,https://www.youtube.com/watch?v=A96hbwobKKs,2026-10-02T09:17:34.157519+00:00,"Source omits servings, prep/cook times and difficulty; blanks import as SQL NULL. Description generated from source category/cuisine. Ingredient categories and balance groups assigned locally.",TheMealDB (https://www.themealdb.com); API terms: https://www.themealdb.com/terms_of_use.php,,
53416,Pork,,pork,"Trinxat (Potato, Cabbage and Bacon Hash)",International pork recipe from TheMealDB.,,,,,https://www.themealdb.com/images/media/meals/khpso71779732715.jpg,https://www.themealdb.com/meal/53416,"[""pork"", ""unknown"", ""ingredient:pork""]","[{""canonical_name"": ""cabbage"", ""category"": ""Vegetables"", ""quantity"": 0.5, ""unit"": null, ""optional"": false, ""source_name"": ""Cabbage"", ""source_measure"": ""1/2""}, {""canonical_name"": ""russet potato"", ""category"": ""Other"", ""quantity"": 2.0, ""unit"": ""medium"", ""optional"": false, ""source_name"": ""Russet Potato"", ""source_measure"": ""2 medium""}, {""canonical_name"": ""bacon"", ""category"": ""Protein"", ""quantity"": 4.0, ""unit"": ""chopped"", ""optional"": false, ""source_name"": ""Bacon"", ""source_measure"": ""4 Chopped""}, {""canonical_name"": ""garlic"", ""category"": ""Vegetables"", ""quantity"": null, ""unit"": null, ""optional"": false, ""source_name"": ""Garlic"", ""source_measure"": ""2 cloves minced""}, {""canonical_name"": ""parsley"", ""category"": ""Other"", ""quantity"": 1.0, ""unit"": ""tbsp"", ""optional"": false, ""source_name"": ""Parsley"", ""source_measure"": ""1 tablespoon""}, {""canonical_name"": ""salt"", ""category"": ""Seasoning"", ""quantity"": null, ""unit"": null, ""optional"": false, ""source_name"": ""Salt"", ""source_measure"": ""To taste""}, {""canonical_name"": ""pepper"", ""category"": ""Vegetables"", ""quantity"": null, ""unit"": null, ""optional"": false, ""source_name"": ""Pepper"", ""source_measure"": ""To taste""}]","[{""step_number"": 1, ""instruction"": ""Bring salted water to boil in a large pot.""}, {""step_number"": 2, ""instruction"": ""Add in the cabbage and potatoes, cook until tender about 30-40 minutes""}, {""step_number"": 3, ""instruction"": ""When tender, drain, very well.""}, {""step_number"": 4, ""instruction"": ""Return the vegetables to the pot and turn on the burner to low. Let steam""}, {""step_number"": 5, ""instruction"": ""Meanwhile cook up the bacon, reserving the fat for frying the hash.""}, {""step_number"": 6, ""instruction"": ""Chop up the bacon, into small pieces.""}, {""step_number"": 7, ""instruction"": ""Mash the potatoes and cabbage with a potato masher and add in the minced garlic.""}, {""step_number"": 8, ""instruction"": ""Add in salt and pepper to taste.""}, {""step_number"": 9, ""instruction"": ""Using a form for individual servings, press the hash mixture into the form with bacon on top, fry in the reserved bacon fat until golden brown, flip over and repeat on the other side.""}, {""step_number"": 10, ""instruction"": ""Remove form and garnish with chopped parsley.""}, {""step_number"": 11, ""instruction"": ""If you want to make one big hash, just use a skillet, pressing the hash into the skillet with the bacon pieces and reserved fat, then flip over once golden brown. Cut into servings.""}, {""step_number"": 12, ""instruction"": ""Garnish with chopped parsley.""}]",https://www.internationalcuisine.com/trinxat/#wprm-recipe-container-12938,https://www.youtube.com/shorts/Ro-S7zlFvN4,2026-10-02T09:17:34.157519+00:00,"Source omits servings, prep/cook times and difficulty; blanks import as SQL NULL. Description generated from source category/cuisine. Ingredient categories and balance groups assigned locally.",TheMealDB (https://www.themealdb.com); API terms: https://www.themealdb.com/terms_of_use.php,,
53235,Pork,Vietnamese,pork,Vietnamese-style caramel pork,Vietnamese pork recipe from TheMealDB.,,,,,https://www.themealdb.com/images/media/meals/4mzt101763761546.jpg,https://www.themealdb.com/meal/53235,"[""pork"", ""vietnamese"", ""ingredient:pork""]","[{""canonical_name"": ""ground nut oil"", ""category"": ""Oil"", ""quantity"": 1.5, ""unit"": ""tbsp"", ""optional"": false, ""source_name"": ""Ground Nut Oil"", ""source_measure"": ""1 ½ tbsp""}, {""canonical_name"": ""pork shoulder steaks"", ""category"": ""Protein"", ""quantity"": 500.0, ""unit"": ""g"", ""optional"": false, ""source_name"": ""Pork Shoulder Steaks"", ""source_measure"": ""500g""}, {""canonical_name"": ""shallots"", ""category"": ""Other"", ""quantity"": 2.0, ""unit"": ""chopped"", ""optional"": false, ""source_name"": ""Shallots"", ""source_measure"": ""2 chopped""}, {""canonical_name"": ""ground ginger"", ""category"": ""Seasoning"", ""quantity"": 1.0, ""unit"": ""tbsp"", ""optional"": false, ""source_name"": ""Ground Ginger"", ""source_measure"": ""1 tablespoon""}, {""canonical_name"": ""red chilli"", ""category"": ""Seasoning"", ""quantity"": 1.0, ""unit"": ""chopped"", ""optional"": false, ""source_name"": ""Red Chilli"", ""source_measure"": ""1 chopped""}, {""canonical_name"": ""brown sugar"", ""category"": ""Seasoning"", ""quantity"": 75.0, ""unit"": ""g"", ""optional"": false, ""source_name"": ""Brown Sugar"", ""source_measure"": ""75g""}, {""canonical_name"": ""fish sauce"", ""category"": ""Protein"", ""quantity"": 1.0, ""unit"": ""tbsp"", ""optional"": false, ""source_name"": ""Fish Sauce"", ""source_measure"": ""1 tablespoon""}, {""canonical_name"": ""chilli sauce"", ""category"": ""Condiments"", ""quantity"": 2.0, ""unit"": ""tsp"", ""optional"": false, ""source_name"": ""Chilli Sauce"", ""source_measure"": ""2 tsp""}, {""canonical_name"": ""green onion"", ""category"": ""Vegetables"", ""quantity"": 4.0, ""unit"": null, ""optional"": false, ""source_name"": ""Spring Onions"", ""source_measure"": ""4""}, {""canonical_name"": ""rice"", ""category"": ""Grains"", ""quantity"": null, ""unit"": null, ""optional"": false, ""source_name"": ""Rice"", ""source_measure"": ""Steamed""}, {""canonical_name"": ""pak choi"", ""category"": ""Other"", ""quantity"": null, ""unit"": null, ""optional"": false, ""source_name"": ""Pak Choi"", ""source_measure"": ""To serve""}]","[{""step_number"": 1, ""instruction"": ""Heat 1 tbsp of the oil in a wok over a high heat and stir-fry the pork in batches until browned all over. Remove with a slotted spoon and set aside.""}, {""step_number"": 2, ""instruction"": ""Turn the heat right down and add the remaining oil, then stir in the shallots, ginger and chilli. Cook over a low heat for a couple of mins until just starting to soften. Add the sugar, fish sauce and 200ml water to the pan and stir everything together. Bring to the boil, stirring, so that the sugar dissolves, then return the pork to the pan. Bubble vigorously for 8-10 mins until the sauce thickens to coat the meat and become glossy. Taste and stir in a little more fish sauce, if needed, along with the chilli sauce. Sprinkle with the spring onions and serve with steamed rice and pak choi.""}]",https://www.bbcgoodfood.com/recipes/vietnamese-style-caramel-pork,https://www.youtube.com/watch?v=qmQe0Qxvyzc,2026-10-02T09:17:34.157519+00:00,"Source omits servings, prep/cook times and difficulty; blanks import as SQL NULL. Description generated from source category/cuisine. Ingredient categories and balance groups assigned locally.",TheMealDB (https://www.themealdb.com); API terms: https://www.themealdb.com/terms_of_use.php,,
52948,Pork,Chinese,pork,Wontons,Chinese pork recipe from TheMealDB.,,,,,https://www.themealdb.com/images/media/meals/1525876468.jpg,https://www.themealdb.com/meal/52948,"[""pork"", ""chinese"", ""ingredient:pork"", ""mainmeal""]","[{""canonical_name"": ""pork"", ""category"": ""Protein"", ""quantity"": 1.0, ""unit"": ""lb"", ""optional"": false, ""source_name"": ""Pork"", ""source_measure"": ""1lb""}, {""canonical_name"": ""garlic"", ""category"": ""Vegetables"", ""quantity"": 3.0, ""unit"": ""chopped"", ""optional"": false, ""source_name"": ""Garlic Clove"", ""source_measure"": ""3 chopped""}, {""canonical_name"": ""ginger"", ""category"": ""Seasoning"", ""quantity"": 1.0, ""unit"": ""tsp"", ""optional"": false, ""source_name"": ""Ginger"", ""source_measure"": ""1 tsp""}, {""canonical_name"": ""soy sauce"", ""category"": ""Condiments"", ""quantity"": 1.0, ""unit"": ""tbsp"", ""optional"": false, ""source_name"": ""Soy Sauce"", ""source_measure"": ""1 tbs""}, {""canonical_name"": ""sesame seed oil"", ""category"": ""Oil"", ""quantity"": 1.0, ""unit"": ""tsp"", ""optional"": false, ""source_name"": ""Sesame Seed Oil"", ""source_measure"": ""1 tsp""}, {""canonical_name"": ""carrot"", ""category"": ""Vegetables"", ""quantity"": null, ""unit"": null, ""optional"": false, ""source_name"": ""Carrots"", ""source_measure"": ""3 finely chopped""}, {""canonical_name"": ""celery"", ""category"": ""Vegetables"", ""quantity"": null, ""unit"": null, ""optional"": false, ""source_name"": ""Celery"", ""source_measure"": ""3 finely chopped""}, {""canonical_name"": ""green onion"", ""category"": ""Vegetables"", ""quantity"": 6.0, ""unit"": ""chopped"", ""optional"": false, ""source_name"": ""Spring Onions"", ""source_measure"": ""6 chopped""}, {""canonical_name"": ""wonton skin"", ""category"": ""Other"", ""quantity"": 1.0, ""unit"": ""packet"", ""optional"": false, ""source_name"": ""Wonton Skin"", ""source_measure"": ""1 Packet""}, {""canonical_name"": ""oil"", ""category"": ""Oil"", ""quantity"": null, ""unit"": null, ""optional"": false, ""source_name"": ""Oil"", ""source_measure"": ""Fry""}, {""canonical_name"": ""water"", ""category"": ""Other"", ""quantity"": null, ""unit"": null, ""optional"": false, ""source_name"": ""Water"", ""source_measure"": ""Bottle""}]","[{""step_number"": 1, ""instruction"": ""Combine pork, garlic, ginger, soy sauce, sesame oil, and vegetables in a bowl.""}, {""step_number"": 2, ""instruction"": ""Separate wonton skins.""}, {""step_number"": 3, ""instruction"": ""Place a heaping teaspoon of filling in the center of the wonton.""}, {""step_number"": 4, ""instruction"": ""Brush water on 2 borders of the skin, covering 1/4 inch from the edge.""}, {""step_number"": 5, ""instruction"": ""Fold skin over to form a triangle, sealing edges.""}, {""step_number"": 6, ""instruction"": ""Pinch the two long outside points together.""}, {""step_number"": 7, ""instruction"": ""Heat oil to 450 degrees and fry 4 to 5 at a time until golden.""}, {""step_number"": 8, ""instruction"": ""Drain and serve with sauce.""}]",http://www.geniuskitchen.com/recipe/chinese-wontons-20235,https://www.youtube.com/watch?v=9h9No18ZyCI,2026-10-02T09:17:34.157519+00:00,"Source omits servings, prep/cook times and difficulty; blanks import as SQL NULL. Description generated from source category/cuisine. Ingredient categories and balance groups assigned locally.",TheMealDB (https://www.themealdb.com); API terms: https://www.themealdb.com/terms_of_use.php,,
53495,Seafood,,seafood,Amok Trey – Cambodian Fish Curry,International seafood recipe from TheMealDB.,,,,,https://www.themealdb.com/images/media/meals/diuub11782687570.jpg,https://www.themealdb.com/meal/53495,"[""seafood"", ""unknown"", ""ingredient:seafood""]","[{""canonical_name"": ""fish fillet"", ""category"": ""Protein"", ""quantity"": 1.0, ""unit"": ""lb"", ""optional"": false, ""source_name"": ""Fish fillet"", ""source_measure"": ""1 lb""}, {""canonical_name"": ""coconut milk"", ""category"": ""Other"", ""quantity"": 1.0, ""unit"": ""can"", ""optional"": false, ""source_name"": ""Coconut Milk"", ""source_measure"": ""1 Can""}, {""canonical_name"": ""red curry paste"", ""category"": ""Condiments"", ""quantity"": 2.0, ""unit"": ""tbsp"", ""optional"": false, ""source_name"": ""Red Curry Paste"", ""source_measure"": ""2 tablespoons""}, {""canonical_name"": ""fish sauce"", ""category"": ""Protein"", ""quantity"": 1.0, ""unit"": ""tbsp"", ""optional"": false, ""source_name"": ""Fish Sauce"", ""source_measure"": ""1 tablespoon""}, {""canonical_name"": ""brown sugar"", ""category"": ""Seasoning"", ""quantity"": 1.0, ""unit"": ""tsp"", ""optional"": false, ""source_name"": ""Brown Sugar"", ""source_measure"": ""1 tsp""}, {""canonical_name"": ""chicken stock"", ""category"": ""Protein"", ""quantity"": 1.0, ""unit"": ""cup"", ""optional"": false, ""source_name"": ""Chicken Stock"", ""source_measure"": ""1 cup""}, {""canonical_name"": ""egg"", ""category"": ""Protein"", ""quantity"": 1.0, ""unit"": null, ""optional"": false, ""source_name"": ""Egg"", ""source_measure"": ""1""}, {""canonical_name"": ""kaffir lime leaves"", ""category"": ""Other"", ""quantity"": 2.0, ""unit"": null, ""optional"": false, ""source_name"": ""Kaffir Lime Leaves"", ""source_measure"": ""2""}, {""canonical_name"": ""vegetable oil"", ""category"": ""Oil"", ""quantity"": 1.0, ""unit"": ""tbsp"", ""optional"": false, ""source_name"": ""Vegetable Oil"", ""source_measure"": ""1 tablespoon""}, {""canonical_name"": ""banana leaves"", ""category"": ""Fruit"", ""quantity"": null, ""unit"": null, ""optional"": false, ""source_name"": ""Banana Leaves"", ""source_measure"": ""Handful""}, {""canonical_name"": ""coriander"", ""category"": ""Seasoning"", ""quantity"": null, ""unit"": null, ""optional"": false, ""source_name"": ""Cilantro"", ""source_measure"": ""Garnish""}, {""canonical_name"": ""lime"", ""category"": ""Fruit"", ""quantity"": null, ""unit"": null, ""optional"": false, ""source_name"": ""Lime"", ""source_measure"": ""Garnish""}]","[{""step_number"": 1, ""instruction"": ""In a medium bowl, combine the coconut milk, red curry paste, fish sauce, palm sugar, and broth, whisking until smooth—this ensures no lumps in the sauce.""}, {""step_number"": 2, ""instruction"": ""Heat the vegetable oil in a large skillet over medium heat (about 350°F) for 30 seconds until shimmering.""}, {""step_number"": 3, ""instruction"": ""Pour the coconut milk mixture into the skillet and bring it to a gentle simmer, stirring occasionally, which should take about 3-4 minutes.""}, {""step_number"": 4, ""instruction"": ""Add the fish cubes and kaffir lime leaves to the skillet, submerging them fully in the sauce.""}, {""step_number"": 5, ""instruction"": ""Reduce the heat to low, cover the skillet, and let it cook for 10 minutes until the fish is opaque and flakes easily with a fork—avoid overcooking to keep it tender.""}, {""step_number"": 6, ""instruction"": ""Stir in the beaten egg slowly, cooking for 2 more minutes until the sauce thickens slightly, which adds a rich, custard-like texture.""}, {""step_number"": 7, ""instruction"": ""While the curry simmers, prepare the banana leaves by briefly passing them over a gas flame for 10 seconds to make them pliable, or use parchment paper as a handy alternative.""}, {""step_number"": 8, ""instruction"": ""Spoon the curry into the center of each banana leaf square, folding the edges to form a tight packet to trap steam.""}, {""step_number"": 9, ""instruction"": ""Place the packets in a steamer basket over boiling water and steam for 10 minutes until heated through and fragrant.""}, {""step_number"": 10, ""instruction"": ""Carefully unwrap the packets and garnish with fresh cilantro and lime wedges before serving""}]",https://recipes-for-life.com/cambodian-recipes/,,2026-10-02T09:17:34.157519+00:00,"Source omits servings, prep/cook times and difficulty; blanks import as SQL NULL. Description generated from source category/cuisine. Ingredient categories and balance groups assigned locally.",TheMealDB (https://www.themealdb.com); API terms: https://www.themealdb.com/terms_of_use.php,,
53510,Seafood,,seafood,Cayman-Style Lobster,International seafood recipe from TheMealDB.,,,,,https://www.themealdb.com/images/media/meals/wkhwqr1782774765.jpg,https://www.themealdb.com/meal/53510,"[""seafood"", ""unknown"", ""ingredient:seafood""]","[{""canonical_name"": ""lobster"", ""category"": ""Protein"", ""quantity"": 6.0, ""unit"": null, ""optional"": false, ""source_name"": ""Lobster"", ""source_measure"": ""6""}, {""canonical_name"": ""chicken stock"", ""category"": ""Protein"", ""quantity"": 0.5, ""unit"": ""cup"", ""optional"": false, ""source_name"": ""Chicken Stock"", ""source_measure"": ""1/2 cup""}, {""canonical_name"": ""bell pepper"", ""category"": ""Vegetables"", ""quantity"": 1.0, ""unit"": ""cup"", ""optional"": false, ""source_name"": ""Red Pepper / Green Pepper"", ""source_measure"": ""1/2 cup / 1/2 cup""}, {""canonical_name"": ""onion"", ""category"": ""Vegetables"", ""quantity"": 0.5, ""unit"": ""cup"", ""optional"": false, ""source_name"": ""Onion"", ""source_measure"": ""1/2 cup""}, {""canonical_name"": ""garlic"", ""category"": ""Vegetables"", ""quantity"": null, ""unit"": null, ""optional"": false, ""source_name"": ""Garlic"", ""source_measure"": ""2 cloves minced""}, {""canonical_name"": ""scotch bonnet"", ""category"": ""Other"", ""quantity"": 0.5, ""unit"": null, ""optional"": false, ""source_name"": ""Scotch Bonnet"", ""source_measure"": ""1/2""}, {""canonical_name"": ""salt"", ""category"": ""Seasoning"", ""quantity"": null, ""unit"": null, ""optional"": false, ""source_name"": ""Salt"", ""source_measure"": ""To taste""}, {""canonical_name"": ""pepper"", ""category"": ""Vegetables"", ""quantity"": null, ""unit"": null, ""optional"": false, ""source_name"": ""Pepper"", ""source_measure"": ""To taste""}, {""canonical_name"": ""thyme"", ""category"": ""Seasoning"", ""quantity"": null, ""unit"": null, ""optional"": false, ""source_name"": ""Thyme"", ""source_measure"": ""To taste""}, {""canonical_name"": ""cornstarch"", ""category"": ""Other"", ""quantity"": 2.0, ""unit"": ""tsp"", ""optional"": false, ""source_name"": ""Cornstarch"", ""source_measure"": ""2 tsp""}, {""canonical_name"": ""olive oil"", ""category"": ""Oil"", ""quantity"": 2.0, ""unit"": ""tbsp"", ""optional"": false, ""source_name"": ""Olive Oil"", ""source_measure"": ""2 tablespoons""}]","[{""step_number"": 1, ""instruction"": ""Rinse lobster under cold running water. Bring water and salt to boil in a 12 quart pot. Quickly plunge lobsters, headfirst, into boiling water. Cover and boil for 20 minutes or until lobsters turn red.""}, {""step_number"": 2, ""instruction"": ""Remove lobster and allow it to cool. Remove lobster tails and cut shell down to middle to remove the meat. Cut the tail meat down the middle to remove the vein inside. Remove large claws and smaller legs by twisting them away from the body. A nut cracker can be used to crush the claw and legs to remove the meat inside.""}, {""step_number"": 3, ""instruction"": ""Chop lobster meat. Heat butter or olive oil in large pan over low heat. Sauté red, green and scotch bonnet peppers, thyme and garlic. Add salt and chicken stock to pan. Then, add lobster meat and sauté for 10 to 15 minutes. Thicken sauce with the corn starch and water mixture.""}, {""step_number"": 4, ""instruction"": ""Serve with your choice of vegetables, salad and/or rice.""}]",https://www.ourcayman.ky/en-us/about/more-about-cayman/recipes,,2026-10-02T09:17:34.157519+00:00,"Source omits servings, prep/cook times and difficulty; blanks import as SQL NULL. Description generated from source category/cuisine. Ingredient categories and balance groups assigned locally.",TheMealDB (https://www.themealdb.com); API terms: https://www.themealdb.com/terms_of_use.php,,
53505,Seafood,,seafood,Conch Fritters,International seafood recipe from TheMealDB.,,,,,https://www.themealdb.com/images/media/meals/nmtq3n1782772031.jpg,https://www.themealdb.com/meal/53505,"[""seafood"", ""unknown"", ""ingredient:seafood""]","[{""canonical_name"": ""conchs"", ""category"": ""Protein"", ""quantity"": null, ""unit"": null, ""optional"": false, ""source_name"": ""Conchs"", ""source_measure"": ""Can""}, {""canonical_name"": ""bell pepper"", ""category"": ""Vegetables"", ""quantity"": 1.0, ""unit"": null, ""optional"": false, ""source_name"": ""Green Pepper / Red Pepper"", ""source_measure"": ""1/2 / 1/2""}, {""canonical_name"": ""onion"", ""category"": ""Vegetables"", ""quantity"": 2.0, ""unit"": ""large"", ""optional"": false, ""source_name"": ""Onion"", ""source_measure"": ""2 large""}, {""canonical_name"": ""chilli"", ""category"": ""Seasoning"", ""quantity"": 2.0, ""unit"": null, ""optional"": false, ""source_name"": ""Chilli"", ""source_measure"": ""2""}, {""canonical_name"": ""lime"", ""category"": ""Fruit"", ""quantity"": null, ""unit"": null, ""optional"": false, ""source_name"": ""Lime"", ""source_measure"": ""Juice of 2""}, {""canonical_name"": ""garlic"", ""category"": ""Vegetables"", ""quantity"": null, ""unit"": null, ""optional"": false, ""source_name"": ""Garlic"", ""source_measure"": ""2 tbsp chopped""}, {""canonical_name"": ""black pepper"", ""category"": ""Vegetables"", ""quantity"": 1.0, ""unit"": ""tbsp"", ""optional"": false, ""source_name"": ""Black Pepper"", ""source_measure"": ""1 tablespoon""}, {""canonical_name"": ""salt"", ""category"": ""Seasoning"", ""quantity"": 1.0, ""unit"": ""tbsp"", ""optional"": false, ""source_name"": ""Salt"", ""source_measure"": ""1 tablespoon""}, {""canonical_name"": ""basil"", ""category"": ""Seasoning"", ""quantity"": 1.0, ""unit"": ""tsp"", ""optional"": false, ""source_name"": ""Basil"", ""source_measure"": ""1 tsp""}, {""canonical_name"": ""red pepper flakes"", ""category"": ""Vegetables"", ""quantity"": 1.0, ""unit"": ""tsp"", ""optional"": false, ""source_name"": ""Red Pepper Flakes"", ""source_measure"": ""1 tsp""}, {""canonical_name"": ""egg"", ""category"": ""Protein"", ""quantity"": 1.0, ""unit"": null, ""optional"": false, ""source_name"": ""Egg"", ""source_measure"": ""1""}, {""canonical_name"": ""flour"", ""category"": ""Grains"", ""quantity"": 10.0, ""unit"": ""tblsp"", ""optional"": false, ""source_name"": ""All purpose flour"", ""source_measure"": ""10 tblsp""}, {""canonical_name"": ""vegetable oil"", ""category"": ""Oil"", ""quantity"": null, ""unit"": null, ""optional"": false, ""source_name"": ""Vegetable Oil"", ""source_measure"": ""For frying""}]","[{""step_number"": 1, ""instruction"": ""Note: Make the conch mix the day before and store in the refrigerator to allow time for flavours to meld together. Tartar sauce can also be prepared beforehand. Just combine all the ingredients and mix well. Cover and refrigerate.""}, {""step_number"": 2, ""instruction"": ""Use your food grinder to grind together the conch pieces, red and green peppers, onions and hot peppers. Once done, add in your lime juice, minced garlic, black pepper, salt, dried basil, and red pepper flakes; make sure to mix it thoroughly. Then add your egg and mix again. Lastly, add your flour one tablespoon at a time and mix until combined. You can either plastic wrap it and let sit in the fridge for an hour or overnight.""}, {""step_number"": 3, ""instruction"": ""Once you're ready to fry, fill the deep-frying pan with about 1 ½ to 2 inches of a high heat oil of your choice. Turn stove on to a medium-low heat.""}, {""step_number"": 4, ""instruction"": ""Use two spoons to form 1-inch balls and drop them into the hot oil one at a time. Each fritter should fry about 5-7 minutes or until golden brown and the inside is cooked. Repeat until you have used all the conch mixture. Serve with your tartar sauce and lime wedges.""}]",https://www.ourcayman.ky/en-us/about/more-about-cayman/recipes,,2026-10-02T09:17:34.157519+00:00,"Source omits servings, prep/cook times and difficulty; blanks import as SQL NULL. Description generated from source category/cuisine. Ingredient categories and balance groups assigned locally.",TheMealDB (https://www.themealdb.com); API terms: https://www.themealdb.com/terms_of_use.php,,
53419,Seafood,,seafood,Crispy fried fish with ginger and fermented soybeans (trey chien chuon),International seafood recipe from TheMealDB.,,,,,https://www.themealdb.com/images/media/meals/9q1ci41779735714.jpg,https://www.themealdb.com/meal/53419,"[""seafood"", ""unknown"", ""ingredient:seafood""]","[{""canonical_name"": ""ginger"", ""category"": ""Seasoning"", ""quantity"": 2.0, ""unit"": ""cup"", ""optional"": false, ""source_name"": ""Ginger"", ""source_measure"": ""2 cups""}, {""canonical_name"": ""fish fillet"", ""category"": ""Protein"", ""quantity"": 1.0, ""unit"": ""lb"", ""optional"": false, ""source_name"": ""Fish fillet"", ""source_measure"": ""1 lb""}, {""canonical_name"": ""tempura flour"", ""category"": ""Grains"", ""quantity"": 2.0, ""unit"": ""tbsp"", ""optional"": false, ""source_name"": ""Tempura Flour"", ""source_measure"": ""2 tablespoons""}, {""canonical_name"": ""oil"", ""category"": ""Oil"", ""quantity"": 2.0, ""unit"": ""cup"", ""optional"": false, ""source_name"": ""Oil"", ""source_measure"": ""2 cups""}, {""canonical_name"": ""garlic"", ""category"": ""Vegetables"", ""quantity"": 4.0, ""unit"": ""cloves"", ""optional"": false, ""source_name"": ""Garlic"", ""source_measure"": ""4 cloves""}, {""canonical_name"": ""soya bean"", ""category"": ""Legumes"", ""quantity"": 800.0, ""unit"": ""g"", ""optional"": false, ""source_name"": ""Soya Bean"", ""source_measure"": ""800g""}, {""canonical_name"": ""sugar"", ""category"": ""Seasoning"", ""quantity"": 0.5, ""unit"": ""tbsp"", ""optional"": false, ""source_name"": ""Sugar"", ""source_measure"": ""1/2 tbs""}, {""canonical_name"": ""water"", ""category"": ""Other"", ""quantity"": 0.5, ""unit"": ""cup"", ""optional"": false, ""source_name"": ""Water"", ""source_measure"": ""1/2 cup""}, {""canonical_name"": ""green onion"", ""category"": ""Vegetables"", ""quantity"": 3.0, ""unit"": null, ""optional"": false, ""source_name"": ""Spring Onions"", ""source_measure"": ""3""}]","[{""step_number"": 1, ""instruction"": ""Fry the ginger in plenty of oil until golden and slightly crispy. Set aside for later.""}, {""step_number"": 2, ""instruction"": ""Cut the fish into strips. Dredge the fish in a very thin layer of tempura flour.""}, {""step_number"": 3, ""instruction"": ""Fry the fish in plenty of oil until golden brown and crispy. You can use the same oil as you were using to fry the ginger.""}, {""step_number"": 4, ""instruction"": ""Crush the garlic and chop it into small pieces. Chop the spring onion.""}, {""step_number"": 5, ""instruction"": ""Drain the fermented soybeans using a colander. If you are using salted beans (soybeans in a very salty brine), you need to wash the beans in water before you add them to the dish.""}, {""step_number"": 6, ""instruction"": ""Add a tablespoon of oil to a deep pan or a large pot, and sauté the garlic until slightly golden.""}, {""step_number"": 7, ""instruction"": ""Add the soybeans and stir fry for a few minutes. If the soybeans are very salty, add ¼- ½ tablespoon sugar to balance the flavor.""}, {""step_number"": 8, ""instruction"": ""Add water and fry for a minute.""}, {""step_number"": 9, ""instruction"": ""Just before serving, stir in the fried ginger, the spring onion, and the crispy fish. Serve with steamed rice.""}]",https://mitziemee.com/recipe-cambodian-fried-fish-ginger-fermented-soybeans/,https://www.youtube.com/watch?v=V0G3ODvMg0k,2026-10-02T09:17:34.157519+00:00,"Source omits servings, prep/cook times and difficulty; blanks import as SQL NULL. Description generated from source category/cuisine. Ingredient categories and balance groups assigned locally.",TheMealDB (https://www.themealdb.com); API terms: https://www.themealdb.com/terms_of_use.php,,
53151,Seafood,Spanish,seafood,Paella,Spanish seafood recipe from TheMealDB.,,,,,https://www.themealdb.com/images/media/meals/9bl20p1763248192.jpg,https://www.themealdb.com/meal/53151,"[""seafood"", ""spanish"", ""ingredient:seafood""]","[{""canonical_name"": ""olive oil"", ""category"": ""Oil"", ""quantity"": 3.0, ""unit"": ""tbsp"", ""optional"": false, ""source_name"": ""Olive Oil"", ""source_measure"": ""3 tablespoons""}, {""canonical_name"": ""raw tiger prawns"", ""category"": ""Protein"", ""quantity"": 10.0, ""unit"": null, ""optional"": false, ""source_name"": ""Raw tiger prawns"", ""source_measure"": ""10""}, {""canonical_name"": ""parsley"", ""category"": ""Other"", ""quantity"": null, ""unit"": null, ""optional"": false, ""source_name"": ""Parsley"", ""source_measure"": ""Bunch""}, {""canonical_name"": ""dry sherry"", ""category"": ""Other"", ""quantity"": 100.0, ""unit"": ""ml"", ""optional"": false, ""source_name"": ""Dry sherry"", ""source_measure"": ""100 ml""}, {""canonical_name"": ""mussels"", ""category"": ""Protein"", ""quantity"": 500.0, ""unit"": ""g"", ""optional"": false, ""source_name"": ""Mussels"", ""source_measure"": ""500g""}, {""canonical_name"": ""saffron"", ""category"": ""Other"", ""quantity"": null, ""unit"": null, ""optional"": false, ""source_name"": ""Saffron"", ""source_measure"": ""Pinch""}, {""canonical_name"": ""chorizo"", ""category"": ""Protein"", ""quantity"": 150.0, ""unit"": ""g"", ""optional"": false, ""source_name"": ""Chorizo"", ""source_measure"": ""150g""}, {""canonical_name"": ""onion"", ""category"": ""Vegetables"", ""quantity"": 1.0, ""unit"": ""chopped"", ""optional"": false, ""source_name"": ""Onion"", ""source_measure"": ""1 chopped""}, {""canonical_name"": ""garlic"", ""category"": ""Vegetables"", ""quantity"": 3.0, ""unit"": ""cloves"", ""optional"": false, ""source_name"": ""Garlic"", ""source_measure"": ""3 cloves""}, {""canonical_name"": ""squid"", ""category"": ""Protein"", ""quantity"": 1.0, ""unit"": ""medium"", ""optional"": false, ""source_name"": ""Squid"", ""source_measure"": ""1 medium""}, {""canonical_name"": ""tomato"", ""category"": ""Vegetables"", ""quantity"": 2.0, ""unit"": null, ""optional"": false, ""source_name"": ""Tomato"", ""source_measure"": ""2""}, {""canonical_name"": ""paella rice"", ""category"": ""Grains"", ""quantity"": 250.0, ""unit"": ""g"", ""optional"": false, ""source_name"": ""Paella Rice"", ""source_measure"": ""250g""}, {""canonical_name"": ""broad beans"", ""category"": ""Legumes"", ""quantity"": 100.0, ""unit"": ""g"", ""optional"": false, ""source_name"": ""Broad Beans"", ""source_measure"": ""100g""}, {""canonical_name"": ""lemon zest"", ""category"": ""Other"", ""quantity"": 1.0, ""unit"": null, ""optional"": false, ""source_name"": ""Lemon Zest"", ""source_measure"": ""1""}]","[{""step_number"": 1, ""instruction"": ""Heat 1 tbsp of the oil in a wide, shallow pan. Add the prawn heads and parsley stalks and sizzle until the heads turn pink, then mash with a potato masher. Pour over the sherry or wine and 300ml water, season with salt and simmer for 10 mins to make a stock, mashing the prawn heads as they cook.""}, {""step_number"": 2, ""instruction"": ""Scatter the mussels into the pan, cover the pan loosely with a lid or tea towel, then put over a high heat for 3-4 mins until the mussels just open. Stir to release the mussel juices, then pour the contents of the pan into a colander set over a large bowl containing the saffron. Let the saffron steep in the stock – you will need 700ml in total, so top up with water if needed and give everything a good stir. Pick the mussels out from the colander, then set aside.""}, {""step_number"": 3, ""instruction"": ""Wipe out the pan and add the rest of the olive oil. Sizzle the chorizo until it releases its oil, then add the onion and garlic and cook until softened. Add the squid and turn over until it turns white. Add the tomatoes and cook down for a minute, then pour over most of the stock, give everything a good stir and bring to the boil. Scatter the rice over the stock, stir well once, then boil vigorously for 5 mins. Reduce the heat to the lowest setting and slowly simmer for 10 mins without stirring until the rice has absorbed most of the liquid.""}, {""step_number"": 4, ""instruction"": ""Tuck the prawn tails into the rice and simmer for 5 mins, turning them over until cooked through. Stir through the mussels and broad beans or peas. Taste the rice – if it is still a little raw but the pan is dry, add a splash more stock and continue to cook; if it’s too soupy, then increase the heat to cook off the last of the stock.""}, {""step_number"": 5, ""instruction"": ""Once the rice is just cooked, turn off the heat and cover with a tea towel for a few minutes. Scatter over the parsley leaves and lemon zest, then season with smoked salt if you like. Stir everything once, then serve straight from the pan, with lemon wedges on the side.""}]",https://www.bbcgoodfood.com/recipes/next-level-paella,https://www.youtube.com/watch?v=vNBuXsTY15E,2026-10-02T09:17:34.157519+00:00,"Source omits servings, prep/cook times and difficulty; blanks import as SQL NULL. Description generated from source category/cuisine. Ingredient categories and balance groups assigned locally.",TheMealDB (https://www.themealdb.com); API terms: https://www.themealdb.com/terms_of_use.php,,
53045,Seafood,Portuguese,seafood,Portuguese fish stew (Caldeirada de peixe),Portuguese seafood recipe from TheMealDB.,,,,,https://www.themealdb.com/images/media/meals/do7zps1614349775.jpg,https://www.themealdb.com/meal/53045,"[""seafood"", ""portuguese"", ""ingredient:seafood""]","[{""canonical_name"": ""onion"", ""category"": ""Vegetables"", ""quantity"": null, ""unit"": null, ""optional"": false, ""source_name"": ""Onions"", ""source_measure"": ""2 finely chopped""}, {""canonical_name"": ""bell pepper"", ""category"": ""Vegetables"", ""quantity"": 1.0, ""unit"": ""diced"", ""optional"": false, ""source_name"": ""Red Pepper"", ""source_measure"": ""1 Diced""}, {""canonical_name"": ""coriander"", ""category"": ""Seasoning"", ""quantity"": null, ""unit"": null, ""optional"": false, ""source_name"": ""Coriander"", ""source_measure"": ""Small bunch""}, {""canonical_name"": ""red chilli"", ""category"": ""Seasoning"", ""quantity"": 1.0, ""unit"": ""small"", ""optional"": false, ""source_name"": ""Red Chilli"", ""source_measure"": ""1 small""}, {""canonical_name"": ""garlic"", ""category"": ""Vegetables"", ""quantity"": 3.0, ""unit"": ""cloves"", ""optional"": false, ""source_name"": ""Garlic"", ""source_measure"": ""3 cloves""}, {""canonical_name"": ""dry white wine"", ""category"": ""Other"", ""quantity"": 400.0, ""unit"": ""ml"", ""optional"": false, ""source_name"": ""Dry White Wine"", ""source_measure"": ""400ml""}, {""canonical_name"": ""saffron"", ""category"": ""Other"", ""quantity"": null, ""unit"": null, ""optional"": false, ""source_name"": ""Saffron"", ""source_measure"": ""Pinch""}, {""canonical_name"": ""bay leaf"", ""category"": ""Other"", ""quantity"": 1.0, ""unit"": null, ""optional"": false, ""source_name"": ""Bay Leaf"", ""source_measure"": ""1""}, {""canonical_name"": ""potato"", ""category"": ""Vegetables"", ""quantity"": 300.0, ""unit"": ""g"", ""optional"": false, ""source_name"": ""Potatoes"", ""source_measure"": ""300g""}, {""canonical_name"": ""plum tomatoes"", ""category"": ""Fruit"", ""quantity"": 400.0, ""unit"": ""g"", ""optional"": false, ""source_name"": ""Plum Tomatoes"", ""source_measure"": ""400g""}, {""canonical_name"": ""cod"", ""category"": ""Protein"", ""quantity"": 600.0, ""unit"": ""g"", ""optional"": false, ""source_name"": ""Cod"", ""source_measure"": ""600g""}, {""canonical_name"": ""squid"", ""category"": ""Protein"", ""quantity"": 300.0, ""unit"": ""g"", ""optional"": false, ""source_name"": ""Squid"", ""source_measure"": ""300g""}, {""canonical_name"": ""tiger prawns"", ""category"": ""Protein"", ""quantity"": 8.0, ""unit"": null, ""optional"": false, ""source_name"": ""Tiger Prawns"", ""source_measure"": ""8""}, {""canonical_name"": ""clams"", ""category"": ""Protein"", ""quantity"": 500.0, ""unit"": ""g"", ""optional"": false, ""source_name"": ""Clams"", ""source_measure"": ""500g""}, {""canonical_name"": ""mussels"", ""category"": ""Protein"", ""quantity"": 500.0, ""unit"": ""g"", ""optional"": false, ""source_name"": ""Mussels"", ""source_measure"": ""500g""}, {""canonical_name"": ""baguette"", ""category"": ""Other"", ""quantity"": 1.0, ""unit"": ""sliced"", ""optional"": false, ""source_name"": ""Baguette"", ""source_measure"": ""1 sliced""}]","[{""step_number"": 1, ""instruction"": ""Heat a drizzle of oil in a large, deep-sided frying pan, and fry the onion and pepper on a medium heat until softened but not browned. Finely chop the coriander stalks (keep the leaves for later), and add to the pan with the chilli and chopped garlic. Fry for another few minutes. Add the wine, saffron and bay leaf and let it simmer until reduced by half.""}, {""step_number"": 2, ""instruction"": ""Add the potatoes, tomatoes, and 300ml water and bring to a gentle boil. Break up the tomatoes with a spoon on the side of the pan and simmer for 20-25 minutes until the potatoes are just tender, and the tomatoes have broken down.""}, {""step_number"": 3, ""instruction"": ""Season well, then gently push the fish into the sauce, and arrange the squid, prawns, clams and mussels on the surface. Put the lid on and cook for 6-8 minutes until the mussel and clam shells have opened, the prawns are cooked and the fish is flaky. Toast the bread, rub lightly with the halved garlic clove and drizzle with olive oil. Serve the stew scatted with chopped coriander leaves, and the toasts for dunking.""}]",https://www.olivemagazine.com/recipes/one-pots/portuguese-fish-stew-caldeirada-de-peixe/,https://www.youtube.com/watch?v=utv-GpSJypk,2026-10-02T09:17:34.157519+00:00,"Source omits servings, prep/cook times and difficulty; blanks import as SQL NULL. Description generated from source category/cuisine. Ingredient categories and balance groups assigned locally.",TheMealDB (https://www.themealdb.com); API terms: https://www.themealdb.com/terms_of_use.php,,
53200,Seafood,Thai,seafood,Prawn stir-fry,Thai seafood recipe from TheMealDB.,,,,,https://www.themealdb.com/images/media/meals/96lt871763480970.jpg,https://www.themealdb.com/meal/53200,"[""seafood"", ""thai"", ""ingredient:seafood""]","[{""canonical_name"": ""raw tiger prawns"", ""category"": ""Protein"", ""quantity"": 200.0, ""unit"": ""g"", ""optional"": false, ""source_name"": ""Raw tiger prawns"", ""source_measure"": ""200g""}, {""canonical_name"": ""green chilli"", ""category"": ""Seasoning"", ""quantity"": 1.0, ""unit"": ""chopped"", ""optional"": false, ""source_name"": ""Green Chilli"", ""source_measure"": ""1 chopped""}, {""canonical_name"": ""garlic"", ""category"": ""Vegetables"", ""quantity"": null, ""unit"": null, ""optional"": false, ""source_name"": ""Garlic"", ""source_measure"": ""3 Cloves Crushed""}, {""canonical_name"": ""coriander"", ""category"": ""Seasoning"", ""quantity"": 1.0, ""unit"": ""bunch"", ""optional"": false, ""source_name"": ""Coriander"", ""source_measure"": ""1  bunch""}, {""canonical_name"": ""caster sugar"", ""category"": ""Seasoning"", ""quantity"": 1.0, ""unit"": ""tblsp"", ""optional"": false, ""source_name"": ""Caster Sugar"", ""source_measure"": ""1 tblsp""}, {""canonical_name"": ""lime"", ""category"": ""Fruit"", ""quantity"": null, ""unit"": null, ""optional"": false, ""source_name"": ""Lime / Lime"", ""source_measure"": ""Juice of 1 / To serve""}, {""canonical_name"": ""fish sauce"", ""category"": ""Protein"", ""quantity"": 3.0, ""unit"": ""tbsp"", ""optional"": false, ""source_name"": ""Fish Sauce"", ""source_measure"": ""3 tbsp""}, {""canonical_name"": ""ground nut oil"", ""category"": ""Oil"", ""quantity"": 2.0, ""unit"": ""tbsp"", ""optional"": false, ""source_name"": ""Ground Nut Oil"", ""source_measure"": ""2 tablespoons""}, {""canonical_name"": ""ginger"", ""category"": ""Seasoning"", ""quantity"": null, ""unit"": null, ""optional"": false, ""source_name"": ""Ginger"", ""source_measure"": ""3cm piece""}, {""canonical_name"": ""green onion"", ""category"": ""Vegetables"", ""quantity"": 8.0, ""unit"": ""slices"", ""optional"": false, ""source_name"": ""Spring Onions"", ""source_measure"": ""8 slices""}, {""canonical_name"": ""bell pepper"", ""category"": ""Vegetables"", ""quantity"": 1.0, ""unit"": ""sliced"", ""optional"": false, ""source_name"": ""Red Pepper"", ""source_measure"": ""1 sliced""}, {""canonical_name"": ""water chestnut"", ""category"": ""Other"", ""quantity"": 85.0, ""unit"": ""g"", ""optional"": false, ""source_name"": ""Water Chestnut"", ""source_measure"": ""85g""}, {""canonical_name"": ""bean sprouts"", ""category"": ""Legumes"", ""quantity"": 100.0, ""unit"": ""g"", ""optional"": false, ""source_name"": ""Bean Sprouts"", ""source_measure"": ""100g""}, {""canonical_name"": ""soy sauce"", ""category"": ""Condiments"", ""quantity"": 1.0, ""unit"": ""tbsp"", ""optional"": false, ""source_name"": ""Soy Sauce"", ""source_measure"": ""1 tablespoon""}, {""canonical_name"": ""rice noodles"", ""category"": ""Grains"", ""quantity"": null, ""unit"": null, ""optional"": false, ""source_name"": ""Rice Noodles"", ""source_measure"": ""To serve""}]","[{""step_number"": 1, ""instruction"": ""Put the prawns in a bowl. Put the chilli, garlic, coriander stalks (snip these up using scissors first) and caster sugar in a spice grinder or small food processor and whizz together. Add half of the lime juice and the fish sauce, then pour this over the prawns.""}, {""step_number"": 2, ""instruction"": ""Heat 1 tbsp oil in a wok, add the ginger and spring onions and fry for 1 min. Add the red pepper and fry for 1 min, until the pepper starts to soften. Add the water chestnuts and bean sprouts, and toss together until the bean sprouts start to wilt. Add the soy sauce and a really good grind of black pepper, then tip the lot into a serving dish.""}, {""step_number"": 3, ""instruction"": ""Heat the remaining oil in the wok and add the prawns, lifting them out of their juices. Toss for 1-2 mins until they turn pink, add the marinade and swirl the wok quickly, then tip the lot onto the veg. Snip over the coriander leaves and sprinkle on the remaining lime. Serves over noodles with extra lime for squeezing over.""}]",https://www.bbcgoodfood.com/recipes/thai-prawn-ginger-spring-onion-stir-fry,https://www.youtube.com/watch?v=DddM8OGb4Jc,2026-10-02T09:17:34.157519+00:00,"Source omits servings, prep/cook times and difficulty; blanks import as SQL NULL. Description generated from source category/cuisine. Ingredient categories and balance groups assigned locally.",TheMealDB (https://www.themealdb.com); API terms: https://www.themealdb.com/terms_of_use.php,,
53234,Seafood,Vietnamese,seafood,Salmon noodle soup,Vietnamese seafood recipe from TheMealDB.,,,,,https://www.themealdb.com/images/media/meals/ikizdm1763760862.jpg,https://www.themealdb.com/meal/53234,"[""seafood"", ""vietnamese"", ""ingredient:seafood""]","[{""canonical_name"": ""chicken stock"", ""category"": ""Protein"", ""quantity"": 1.0, ""unit"": ""l"", ""optional"": false, ""source_name"": ""Chicken Stock"", ""source_measure"": ""1 L""}, {""canonical_name"": ""thai red curry paste"", ""category"": ""Condiments"", ""quantity"": 2.0, ""unit"": ""tsp"", ""optional"": false, ""source_name"": ""Thai Red Curry Paste"", ""source_measure"": ""2 tsp""}, {""canonical_name"": ""rice noodles"", ""category"": ""Grains"", ""quantity"": 100.0, ""unit"": ""g"", ""optional"": false, ""source_name"": ""Rice Noodles"", ""source_measure"": ""100g""}, {""canonical_name"": ""shiitake mushrooms"", ""category"": ""Other"", ""quantity"": 150.0, ""unit"": ""g"", ""optional"": false, ""source_name"": ""Shiitake Mushrooms"", ""source_measure"": ""150g""}, {""canonical_name"": ""sweetcorn"", ""category"": ""Other"", ""quantity"": 125.0, ""unit"": ""g"", ""optional"": false, ""source_name"": ""Sweetcorn"", ""source_measure"": ""125g""}, {""canonical_name"": ""salmon"", ""category"": ""Protein"", ""quantity"": 2.0, ""unit"": null, ""optional"": false, ""source_name"": ""Salmon"", ""source_measure"": ""2""}, {""canonical_name"": ""lime"", ""category"": ""Fruit"", ""quantity"": null, ""unit"": null, ""optional"": false, ""source_name"": ""Lime"", ""source_measure"": ""Juice of 2""}, {""canonical_name"": ""soy sauce"", ""category"": ""Condiments"", ""quantity"": 1.0, ""unit"": ""tbsp"", ""optional"": false, ""source_name"": ""Soy Sauce"", ""source_measure"": ""1 tablespoon""}, {""canonical_name"": ""brown sugar"", ""category"": ""Seasoning"", ""quantity"": null, ""unit"": null, ""optional"": false, ""source_name"": ""Brown Sugar"", ""source_measure"": ""Pinch""}, {""canonical_name"": ""coriander"", ""category"": ""Seasoning"", ""quantity"": null, ""unit"": null, ""optional"": false, ""source_name"": ""Coriander"", ""source_measure"": ""Bunch""}]","[{""step_number"": 1, ""instruction"": ""Pour the stock into a large pan, bring to the boil, then stir in the curry paste. Add the noodles and cook for 8 mins. Tip in the mushrooms and corn and cook for 2 mins more.""}, {""step_number"": 2, ""instruction"": ""Add the salmon to the pan and cook for 3 mins or until cooked through. Remove from the heat and stir in the lime juice, soy sauce and a pinch of sugar. Ladle into 4 bowls and sprinkle over the coriander just before you serve.""}]",https://www.bbcgoodfood.com/recipes/salmon-noodle-soup,https://www.youtube.com/watch?v=__Kh1sizUAM,2026-10-02T09:17:34.157519+00:00,"Source omits servings, prep/cook times and difficulty; blanks import as SQL NULL. Description generated from source category/cuisine. Ingredient categories and balance groups assigned locally.",TheMealDB (https://www.themealdb.com); API terms: https://www.themealdb.com/terms_of_use.php,,
53368,Seafood,Chinese,seafood,Singapore Noodles with Shrimp,Chinese seafood recipe from TheMealDB.,,,,,https://www.themealdb.com/images/media/meals/f3cxnc1765656994.jpg,https://www.themealdb.com/meal/53368,"[""seafood"", ""chinese"", ""ingredient:seafood""]","[{""canonical_name"": ""sesame seed oil"", ""category"": ""Oil"", ""quantity"": 2.0, ""unit"": ""tsp"", ""optional"": false, ""source_name"": ""Sesame Seed Oil"", ""source_measure"": ""2 tsp""}, {""canonical_name"": ""soy sauce"", ""category"": ""Condiments"", ""quantity"": 2.0, ""unit"": ""tbsp"", ""optional"": false, ""source_name"": ""Soy Sauce"", ""source_measure"": ""2 tablespoons""}, {""canonical_name"": ""seasoned rice vinegar"", ""category"": ""Grains"", ""quantity"": 2.0, ""unit"": ""tbsp"", ""optional"": false, ""source_name"": ""Seasoned Rice Vinegar"", ""source_measure"": ""2 tablespoons""}, {""canonical_name"": ""vermicelli rice noodles"", ""category"": ""Grains"", ""quantity"": 6.0, ""unit"": ""oz"", ""optional"": false, ""source_name"": ""Vermicelli Rice Noodles"", ""source_measure"": ""6 oz""}, {""canonical_name"": ""egg"", ""category"": ""Protein"", ""quantity"": 2.0, ""unit"": ""large"", ""optional"": false, ""source_name"": ""Egg"", ""source_measure"": ""2 large""}, {""canonical_name"": ""ground ginger"", ""category"": ""Seasoning"", ""quantity"": 2.0, ""unit"": ""tblsp"", ""optional"": false, ""source_name"": ""Ground Ginger"", ""source_measure"": ""2 tblsp""}, {""canonical_name"": ""garlic"", ""category"": ""Vegetables"", ""quantity"": null, ""unit"": null, ""optional"": false, ""source_name"": ""Garlic"", ""source_measure"": ""1 clove finely chopped""}, {""canonical_name"": ""carrot"", ""category"": ""Vegetables"", ""quantity"": 2.0, ""unit"": null, ""optional"": false, ""source_name"": ""Carrots"", ""source_measure"": ""2""}, {""canonical_name"": ""jalapeno"", ""category"": ""Other"", ""quantity"": 1.0, ""unit"": ""sliced"", ""optional"": false, ""source_name"": ""Jalapeno"", ""source_measure"": ""1 sliced""}, {""canonical_name"": ""onion"", ""category"": ""Vegetables"", ""quantity"": 0.5, ""unit"": null, ""optional"": false, ""source_name"": ""Onion"", ""source_measure"": ""1/2""}, {""canonical_name"": ""salt"", ""category"": ""Seasoning"", ""quantity"": 0.5, ""unit"": ""tsp"", ""optional"": false, ""source_name"": ""Salt"", ""source_measure"": ""1/2 tsp""}, {""canonical_name"": ""ham"", ""category"": ""Protein"", ""quantity"": 4.0, ""unit"": ""oz"", ""optional"": false, ""source_name"": ""Ham"", ""source_measure"": ""4 oz""}, {""canonical_name"": ""napa cabbage"", ""category"": ""Vegetables"", ""quantity"": 0.5, ""unit"": null, ""optional"": false, ""source_name"": ""Napa Cabbage"", ""source_measure"": ""1/2""}, {""canonical_name"": ""green onion"", ""category"": ""Vegetables"", ""quantity"": 4.0, ""unit"": null, ""optional"": false, ""source_name"": ""Scallions"", ""source_measure"": ""4""}, {""canonical_name"": ""bell pepper"", ""category"": ""Vegetables"", ""quantity"": 0.5, ""unit"": null, ""optional"": false, ""source_name"": ""Red Pepper"", ""source_measure"": ""1/2""}, {""canonical_name"": ""curry powder"", ""category"": ""Other"", ""quantity"": 2.0, ""unit"": ""tsp"", ""optional"": false, ""source_name"": ""Curry Powder"", ""source_measure"": ""2 tsp""}, {""canonical_name"": ""shrimp"", ""category"": ""Protein"", ""quantity"": 0.5, ""unit"": ""lb"", ""optional"": false, ""source_name"": ""Shrimp"", ""source_measure"": ""1/2 lb""}, {""canonical_name"": ""cilantro leaves"", ""category"": ""Other"", ""quantity"": 2.0, ""unit"": ""tbsp"", ""optional"": false, ""source_name"": ""Cilantro Leaves"", ""source_measure"": ""2 tablespoons""}]","[{""step_number"": 1, ""instruction"": ""For the sweet onion, look for Vidalia, OSO Sweet, or Walla Walla. The super-sweet varieties are more suited to this stir-fry because at the end of cooking, the onion still has a slight crunch.""}, {""step_number"": 2, ""instruction"": ""Make the sauce:""}, {""step_number"": 3, ""instruction"": ""In a bowl, combine the sesame oil, soy sauce, and rice vinegar.""}, {""step_number"": 4, ""instruction"": ""Cook the rice noodles:""}, {""step_number"": 5, ""instruction"": ""Bring a large saucepan of water to a boil, add the noodles, and use tongs to turn them so they are submerged. Cook for 2 minutes, or until they are tender but still have some bite (they will cook a little more once you add them to the skillet).""}, {""step_number"": 6, ""instruction"": ""Drain, rinse with cold water, and use scissors to snip the noodles several times to break them up into shorter lengths.""}, {""step_number"": 7, ""instruction"": ""Scramble the eggs:""}, {""step_number"": 8, ""instruction"": ""In a small bowl whisk together the eggs. Heat the skillet or Dutch oven over medium heat. Add 1 tablespoon of the peanut or canola oil. Add the eggs and scramble them for 2 minutes, or until they form large, soft curds. Transfer them from the pan to a plate or bowl.""}, {""step_number"": 9, ""instruction"": ""Cook the vegetables:""}, {""step_number"": 10, ""instruction"": ""Add 1 tablespoon of the remaining oil to the pan. When it is hot, add the ginger, garlic, carrots, jalapeño, onion, and salt. Cook, stirring constantly, for 2 minutes or until the vegetables start to soften.""}, {""step_number"": 11, ""instruction"": ""Add the remaining ingredients:""}, {""step_number"": 12, ""instruction"": ""Sprinkle the vegetable mixture with the remaining 1 tablespoon peanut or canola oil. When the oil is hot, add the ham, cabbage, scallions, red pepper, and curry powder to the pan. Cook, stirring constantly, for 1 minute.""}, {""step_number"": 13, ""instruction"": ""Add the shrimp and cook, stirring, for 3 more minutes or until the shrimp are bright pink and cooked through.""}, {""step_number"": 14, ""instruction"": ""Add the noodles in batches:""}, {""step_number"": 15, ""instruction"": ""Add the eggs, the sauce mixture, and half the noodles to the pan. Toss for 1 minute.""}, {""step_number"": 16, ""instruction"": ""Add the remaining noodles and continue tossing for 1 minute more until they are thoroughly combined and the mixture is heated through.""}, {""step_number"": 17, ""instruction"": ""Serve:""}, {""step_number"": 18, ""instruction"": ""Taste for seasoning and add more salt or soy sauce, if you like. Sprinkle with cilantro leaves and serve.""}]",https://www.simplyrecipes.com/recipes/singapore_noodles_with_shrimp/,https://www.youtube.com/watch?v=DiFUyPAGoug,2026-10-02T09:17:34.157519+00:00,"Source omits servings, prep/cook times and difficulty; blanks import as SQL NULL. Description generated from source category/cuisine. Ingredient categories and balance groups assigned locally.",TheMealDB (https://www.themealdb.com); API terms: https://www.themealdb.com/terms_of_use.php,,
53194,Seafood,Thai,seafood,Tom yum soup with prawns,Thai seafood recipe from TheMealDB.,,,,,https://www.themealdb.com/images/media/meals/l50vz41763422681.jpg,https://www.themealdb.com/meal/53194,"[""seafood"", ""thai"", ""ingredient:seafood"", ""soup""]","[{""canonical_name"": ""onion"", ""category"": ""Vegetables"", ""quantity"": 200.0, ""unit"": ""g"", ""optional"": false, ""source_name"": ""Onion"", ""source_measure"": ""200g""}, {""canonical_name"": ""tomato"", ""category"": ""Vegetables"", ""quantity"": 150.0, ""unit"": ""g"", ""optional"": false, ""source_name"": ""Tomato"", ""source_measure"": ""150g""}, {""canonical_name"": ""red chilli"", ""category"": ""Seasoning"", ""quantity"": 20.0, ""unit"": ""g"", ""optional"": false, ""source_name"": ""Red Chilli"", ""source_measure"": ""20g""}, {""canonical_name"": ""galangal"", ""category"": ""Other"", ""quantity"": 15.0, ""unit"": ""g"", ""optional"": false, ""source_name"": ""Galangal"", ""source_measure"": ""15g""}, {""canonical_name"": ""lemongrass stalks"", ""category"": ""Other"", ""quantity"": 2.0, ""unit"": null, ""optional"": false, ""source_name"": ""Lemongrass Stalks"", ""source_measure"": ""2""}, {""canonical_name"": ""raw king prawns"", ""category"": ""Protein"", ""quantity"": 250.0, ""unit"": ""g"", ""optional"": false, ""source_name"": ""Raw King Prawns"", ""source_measure"": ""250g""}, {""canonical_name"": ""chicken stock cube"", ""category"": ""Protein"", ""quantity"": 1.0, ""unit"": null, ""optional"": false, ""source_name"": ""Chicken Stock Cube"", ""source_measure"": ""1""}, {""canonical_name"": ""oyster mushrooms"", ""category"": ""Other"", ""quantity"": 120.0, ""unit"": ""g"", ""optional"": false, ""source_name"": ""Oyster Mushrooms"", ""source_measure"": ""120g""}, {""canonical_name"": ""makrut lime leaves"", ""category"": ""Other"", ""quantity"": 8.0, ""unit"": null, ""optional"": false, ""source_name"": ""makrut lime leaves"", ""source_measure"": ""8""}, {""canonical_name"": ""fish sauce"", ""category"": ""Protein"", ""quantity"": 25.0, ""unit"": ""ml"", ""optional"": false, ""source_name"": ""Fish Sauce"", ""source_measure"": ""25 ml""}, {""canonical_name"": ""lime juice"", ""category"": ""Other"", ""quantity"": 25.0, ""unit"": ""ml"", ""optional"": false, ""source_name"": ""Lime juice"", ""source_measure"": ""25 ml""}, {""canonical_name"": ""coconut milk"", ""category"": ""Other"", ""quantity"": 70.0, ""unit"": ""ml"", ""optional"": false, ""source_name"": ""Coconut Milk"", ""source_measure"": ""70 ml""}, {""canonical_name"": ""thai chilli jam"", ""category"": ""Seasoning"", ""quantity"": 1.0, ""unit"": ""tblsp"", ""optional"": false, ""source_name"": ""Thai Chilli Jam"", ""source_measure"": ""1 tblsp""}, {""canonical_name"": ""coriander"", ""category"": ""Seasoning"", ""quantity"": null, ""unit"": null, ""optional"": false, ""source_name"": ""Coriander"", ""source_measure"": ""Handful""}]","[{""step_number"": 1, ""instruction"": ""Pour 1.3 litres water into a large saucepan over a high heat. Add the onion, tomato, chilli, galangal, lemongrass, prawn heads and chicken stock cube. Stir and bring to a boil, then reduce the heat to medium and simmer for 20 mins until the liquid has reduced.""}, {""step_number"": 2, ""instruction"": ""Carefully strain the hot broth into a large heatproof bowl or jug, then discard the prawn heads. Return the strained veg and herb mixture to the saucepan and pour over the broth. Stir through the mushrooms and lime leaves, then cook for 3 mins until the mushrooms are tender.""}, {""step_number"": 3, ""instruction"": ""Add 1 tbsp sugar, the fish sauce, lime juice, coconut milk and prawns. Bring to the boil and cook until the prawns are cooked through, about 1-2 mins. Remove from the heat. Remove the lemongrass, then stir in the Thai chilli jam, if using. Scatter over the coriander to finish, if you like, and serve.""}]",https://www.bbcgoodfood.com/recipes/tom-yum-soup-with-prawns,https://www.youtube.com/watch?v=fvLcZg9gNnE,2026-10-02T09:17:34.157519+00:00,"Source omits servings, prep/cook times and difficulty; blanks import as SQL NULL. Description generated from source category/cuisine. Ingredient categories and balance groups assigned locally.",TheMealDB (https://www.themealdb.com); API terms: https://www.themealdb.com/terms_of_use.php,,
53529,Side,,egg,Almojábanas (Colombian Cheese Bread),International side recipe from TheMealDB.,,,,,https://www.themealdb.com/images/media/meals/ymk7gt1783803106.jpg,https://www.themealdb.com/meal/53529,"[""side"", ""unknown"", ""ingredient:egg""]","[{""canonical_name"": ""cornmeal"", ""category"": ""Other"", ""quantity"": 1.25, ""unit"": ""cup"", ""optional"": false, ""source_name"": ""Cornmeal"", ""source_measure"": ""1 1/4 cup""}, {""canonical_name"": ""queso fresco"", ""category"": ""Other"", ""quantity"": 3.0, ""unit"": ""cup"", ""optional"": false, ""source_name"": ""Queso Fresco"", ""source_measure"": ""3 Cups""}, {""canonical_name"": ""mozzarella"", ""category"": ""Dairy"", ""quantity"": 1.0, ""unit"": ""cup"", ""optional"": false, ""source_name"": ""Mozzarella"", ""source_measure"": ""1 cup""}, {""canonical_name"": ""butter"", ""category"": ""Dairy"", ""quantity"": 2.0, ""unit"": ""tbsp"", ""optional"": false, ""source_name"": ""Butter"", ""source_measure"": ""2 tablespoons""}, {""canonical_name"": ""baking powder"", ""category"": ""Other"", ""quantity"": 1.0, ""unit"": ""tsp"", ""optional"": false, ""source_name"": ""Baking Powder"", ""source_measure"": ""1 tsp""}, {""canonical_name"": ""salt"", ""category"": ""Seasoning"", ""quantity"": 0.25, ""unit"": ""tsp"", ""optional"": false, ""source_name"": ""Salt"", ""source_measure"": ""1/4 tsp""}, {""canonical_name"": ""egg"", ""category"": ""Protein"", ""quantity"": 2.0, ""unit"": null, ""optional"": false, ""source_name"": ""Eggs"", ""source_measure"": ""2""}, {""canonical_name"": ""milk"", ""category"": ""Dairy"", ""quantity"": 4.0, ""unit"": ""tbsp"", ""optional"": false, ""source_name"": ""Milk"", ""source_measure"": ""4 tablespoons""}]","[{""step_number"": 1, ""instruction"": ""Preheat the oven to 400° F.""}, {""step_number"": 2, ""instruction"": ""Mix the masarepa and cheese in a food processor.""}, {""step_number"": 3, ""instruction"": ""Add the remaining ingredients and mix well.""}, {""step_number"": 4, ""instruction"": ""Divide into 8 equal-size portions and shape into a ball.""}, {""step_number"": 5, ""instruction"": ""Place on a greased baking sheet and bake for about 25 to 30 minutes, or until they are golden. Serve warm.""}]",https://www.mycolombianrecipes.com/colombian-cheese-bread-almojabanas/#recipe,,2026-10-02T09:17:34.157519+00:00,"Source omits servings, prep/cook times and difficulty; blanks import as SQL NULL. Description generated from source category/cuisine. Ingredient categories and balance groups assigned locally.",TheMealDB (https://www.themealdb.com); API terms: https://www.themealdb.com/terms_of_use.php,,
53507,Side,,potato,Cayman Style Potato Salad,International side recipe from TheMealDB.,,,,,https://www.themealdb.com/images/media/meals/q21suk1782772956.jpg,https://www.themealdb.com/meal/53507,"[""side"", ""unknown"", ""ingredient:potato""]","[{""canonical_name"": ""potato"", ""category"": ""Vegetables"", ""quantity"": 10.0, ""unit"": null, ""optional"": false, ""source_name"": ""Potatoes"", ""source_measure"": ""10""}, {""canonical_name"": ""bell pepper"", ""category"": ""Vegetables"", ""quantity"": 0.75, ""unit"": null, ""optional"": false, ""source_name"": ""Green Pepper / Red Pepper"", ""source_measure"": ""1/2 / 1/4""}, {""canonical_name"": ""onion"", ""category"": ""Vegetables"", ""quantity"": 0.5, ""unit"": null, ""optional"": false, ""source_name"": ""Onion"", ""source_measure"": ""1/2""}, {""canonical_name"": ""mayonnaise"", ""category"": ""Condiments"", ""quantity"": 1.0, ""unit"": ""cup"", ""optional"": false, ""source_name"": ""Mayonnaise"", ""source_measure"": ""1 cup""}, {""canonical_name"": ""mustard"", ""category"": ""Condiments"", ""quantity"": 0.25, ""unit"": ""cup"", ""optional"": false, ""source_name"": ""Mustard"", ""source_measure"": ""1/4 cup""}, {""canonical_name"": ""sugar"", ""category"": ""Seasoning"", ""quantity"": 1.0, ""unit"": ""tbsp"", ""optional"": false, ""source_name"": ""Sugar"", ""source_measure"": ""1 tablespoon""}, {""canonical_name"": ""black pepper"", ""category"": ""Vegetables"", ""quantity"": 0.25, ""unit"": ""tsp"", ""optional"": false, ""source_name"": ""Black Pepper"", ""source_measure"": ""1/4 tsp""}, {""canonical_name"": ""beets"", ""category"": ""Other"", ""quantity"": 1.0, ""unit"": ""can"", ""optional"": false, ""source_name"": ""Beets"", ""source_measure"": ""1 Can""}, {""canonical_name"": ""peas"", ""category"": ""Other"", ""quantity"": 1.0, ""unit"": ""can"", ""optional"": false, ""source_name"": ""Peas"", ""source_measure"": ""1 Can""}, {""canonical_name"": ""egg"", ""category"": ""Protein"", ""quantity"": 3.0, ""unit"": null, ""optional"": false, ""source_name"": ""Eggs"", ""source_measure"": ""3""}]","[{""step_number"": 1, ""instruction"": ""Peel and cut potatoes in cubes, boil in salted water until tender. Chop peppers and onion and set aside. Mix together mayonnaise, mustard, sugar and black pepper and set aside. Drain potatoes once tender and place in large mixing bowl. Add remaining ingredients and mix well. The salad may be served warm, but is normally served after it has been refrigerated for 2 to 3 hours.""}]",https://www.ourcayman.ky/en-us/about/more-about-cayman/recipes,,2026-10-02T09:17:34.157519+00:00,"Source omits servings, prep/cook times and difficulty; blanks import as SQL NULL. Description generated from source category/cuisine. Ingredient categories and balance groups assigned locally.",TheMealDB (https://www.themealdb.com); API terms: https://www.themealdb.com/terms_of_use.php,,
53555,Side,,potato,Classic Potato Salad,International side recipe from TheMealDB.,,,,,https://www.themealdb.com/images/media/meals/5q88l31784664151.jpg,https://www.themealdb.com/meal/53555,"[""side"", ""unknown"", ""ingredient:potato""]","[{""canonical_name"": ""new potatoes"", ""category"": ""Other"", ""quantity"": 600.0, ""unit"": ""g"", ""optional"": false, ""source_name"": ""New Potatoes"", ""source_measure"": ""600g""}, {""canonical_name"": ""asparagus"", ""category"": ""Vegetables"", ""quantity"": 150.0, ""unit"": ""g"", ""optional"": false, ""source_name"": ""Asparagus"", ""source_measure"": ""150g""}, {""canonical_name"": ""chives"", ""category"": ""Other"", ""quantity"": null, ""unit"": null, ""optional"": false, ""source_name"": ""Chives"", ""source_measure"": ""Bunch""}, {""canonical_name"": ""red onions"", ""category"": ""Vegetables"", ""quantity"": 1.0, ""unit"": null, ""optional"": false, ""source_name"": ""Red Onions"", ""source_measure"": ""1""}, {""canonical_name"": ""radish"", ""category"": ""Other"", ""quantity"": 8.0, ""unit"": null, ""optional"": false, ""source_name"": ""Radish"", ""source_measure"": ""8""}, {""canonical_name"": ""creme fraiche"", ""category"": ""Other"", ""quantity"": 0.5, ""unit"": ""cup"", ""optional"": false, ""source_name"": ""Creme Fraiche"", ""source_measure"": ""1/2 cup""}, {""canonical_name"": ""mayonnaise"", ""category"": ""Condiments"", ""quantity"": 0.5, ""unit"": ""cup"", ""optional"": false, ""source_name"": ""Mayonnaise"", ""source_measure"": ""1/2 cup""}, {""canonical_name"": ""dijon mustard"", ""category"": ""Condiments"", ""quantity"": 2.0, ""unit"": ""tsp"", ""optional"": false, ""source_name"": ""Dijon Mustard"", ""source_measure"": ""2 tsp""}, {""canonical_name"": ""sugar"", ""category"": ""Seasoning"", ""quantity"": 1.0, ""unit"": ""tsp"", ""optional"": false, ""source_name"": ""Sugar"", ""source_measure"": ""1 tsp""}, {""canonical_name"": ""apple cider vinegar"", ""category"": ""Fruit"", ""quantity"": 1.0, ""unit"": ""tbsp"", ""optional"": false, ""source_name"": ""Apple Cider Vinegar"", ""source_measure"": ""1 tablespoon""}, {""canonical_name"": ""salt"", ""category"": ""Seasoning"", ""quantity"": null, ""unit"": null, ""optional"": false, ""source_name"": ""Salt"", ""source_measure"": ""Pinch""}, {""canonical_name"": ""pepper"", ""category"": ""Vegetables"", ""quantity"": null, ""unit"": null, ""optional"": false, ""source_name"": ""Pepper"", ""source_measure"": ""Pinch""}]","[{""step_number"": 1, ""instruction"": ""Boil potatoes in lightly salted water for 10 to 12 minutes. Drain water when a potato speared with a fork and lifted out of the water easily glides off the fork and falls back into the pot. Let potatoes stand and cool.""}, {""step_number"": 2, ""instruction"": ""Break off and discard the stringy ends of the asparagus spears, then chop into small pieces. You can pour boiling water over the chopped asparagus and let it soak for 2 minutes if you prefer a less raw taste.""}, {""step_number"": 3, ""instruction"": ""Finely chop chives, red onion and radish.""}, {""step_number"": 4, ""instruction"": ""Stir the dressing ingredients together and season with salt and pepper.""}, {""step_number"": 5, ""instruction"": ""Reserve some of the chives for garnish and combine the rest of the vegetables with the dressing.""}, {""step_number"": 6, ""instruction"": ""Season with salt and pepper, garnish with chives and serve as a side dish.""}, {""step_number"": 7, ""instruction"": ""Tip""}, {""step_number"": 8, ""instruction"": ""When in season, you can add fresh peas to this potato salad""}]",https://denmark.dk/people-and-culture/recipes/potato-salad/,,2026-10-02T09:17:34.157519+00:00,"Source omits servings, prep/cook times and difficulty; blanks import as SQL NULL. Description generated from source category/cuisine. Ingredient categories and balance groups assigned locally.",TheMealDB (https://www.themealdb.com); API terms: https://www.themealdb.com/terms_of_use.php,,
52977,Side,Turkish,legumes,Corba,Turkish side recipe from TheMealDB.,,,,,https://www.themealdb.com/images/media/meals/58oia61564916529.jpg,https://www.themealdb.com/meal/52977,"[""side"", ""turkish"", ""ingredient:legumes"", ""soup""]","[{""canonical_name"": ""lentil"", ""category"": ""Legumes"", ""quantity"": 1.0, ""unit"": ""cup"", ""optional"": false, ""source_name"": ""Lentils"", ""source_measure"": ""1 cup""}, {""canonical_name"": ""onion"", ""category"": ""Vegetables"", ""quantity"": 1.0, ""unit"": ""large"", ""optional"": false, ""source_name"": ""Onion"", ""source_measure"": ""1 large""}, {""canonical_name"": ""carrot"", ""category"": ""Vegetables"", ""quantity"": 1.0, ""unit"": ""large"", ""optional"": false, ""source_name"": ""Carrots"", ""source_measure"": ""1 large""}, {""canonical_name"": ""tomato puree"", ""category"": ""Other"", ""quantity"": 1.0, ""unit"": ""tbsp"", ""optional"": false, ""source_name"": ""Tomato Puree"", ""source_measure"": ""1 tbs""}, {""canonical_name"": ""cumin"", ""category"": ""Seasoning"", ""quantity"": 2.0, ""unit"": ""tsp"", ""optional"": false, ""source_name"": ""Cumin"", ""source_measure"": ""2 tsp""}, {""canonical_name"": ""paprika"", ""category"": ""Seasoning"", ""quantity"": 1.0, ""unit"": ""tsp"", ""optional"": false, ""source_name"": ""Paprika"", ""source_measure"": ""1 tsp""}, {""canonical_name"": ""mint"", ""category"": ""Other"", ""quantity"": 0.5, ""unit"": ""tsp"", ""optional"": false, ""source_name"": ""Mint"", ""source_measure"": ""1/2 tsp""}, {""canonical_name"": ""thyme"", ""category"": ""Seasoning"", ""quantity"": 0.5, ""unit"": ""tsp"", ""optional"": false, ""source_name"": ""Thyme"", ""source_measure"": ""1/2 tsp""}, {""canonical_name"": ""black pepper"", ""category"": ""Vegetables"", ""quantity"": 0.25, ""unit"": ""tsp"", ""optional"": false, ""source_name"": ""Black Pepper"", ""source_measure"": ""1/4 tsp""}, {""canonical_name"": ""red pepper flakes"", ""category"": ""Vegetables"", ""quantity"": 0.25, ""unit"": ""tsp"", ""optional"": false, ""source_name"": ""Red Pepper Flakes"", ""source_measure"": ""1/4 tsp""}, {""canonical_name"": ""vegetable stock"", ""category"": ""Condiments"", ""quantity"": 4.0, ""unit"": ""cup"", ""optional"": false, ""source_name"": ""Vegetable Stock"", ""source_measure"": ""4 cups""}, {""canonical_name"": ""water"", ""category"": ""Other"", ""quantity"": 1.0, ""unit"": ""cup"", ""optional"": false, ""source_name"": ""Water"", ""source_measure"": ""1 cup""}, {""canonical_name"": ""sea salt"", ""category"": ""Seasoning"", ""quantity"": null, ""unit"": null, ""optional"": false, ""source_name"": ""Sea Salt"", ""source_measure"": ""Pinch""}]","[{""step_number"": 1, ""instruction"": ""Pick through your lentils for any foreign debris, rinse them 2 or 3 times, drain, and set aside.  Fair warning, this will probably turn your lentils into a solid block that you’ll have to break up later""}, {""step_number"": 2, ""instruction"": ""In a large pot over medium-high heat, sauté the olive oil and the onion with a pinch of salt for about 3 minutes, then add the carrots and cook for another 3 minutes.""}, {""step_number"": 3, ""instruction"": ""Add the tomato paste and stir it around for around 1 minute. Now add the cumin, paprika, mint, thyme, black pepper, and red pepper as quickly as you can and stir for 10 seconds to bloom the spices. Congratulate yourself on how amazing your house now smells.""}, {""step_number"": 4, ""instruction"": ""Immediately add the lentils, water, broth, and salt. Bring the soup to a (gentle) boil.""}, {""step_number"": 5, ""instruction"": ""After it has come to a boil, reduce heat to medium-low, cover the pot halfway, and cook for 15-20 minutes or until the lentils have fallen apart and the carrots are completely cooked.""}, {""step_number"": 6, ""instruction"": ""After the soup has cooked and the lentils are tender, blend the soup either in a blender or simply use a hand blender to reach the consistency you desire. Taste for seasoning and add more salt if necessary.""}, {""step_number"": 7, ""instruction"": ""Serve with crushed-up crackers, torn up bread, or something else to add some extra thickness.  You could also use a traditional thickener (like cornstarch or flour), but I prefer to add crackers for some texture and saltiness.  Makes great leftovers, stays good in the fridge for about a week.""}]",https://findingtimeforcooking.com/main-dishes/red-lentil-soup-corba/,https://www.youtube.com/watch?v=VVnZd8A84z4,2026-10-02T09:17:34.157519+00:00,"Source omits servings, prep/cook times and difficulty; blanks import as SQL NULL. Description generated from source category/cuisine. Ingredient categories and balance groups assigned locally.",TheMealDB (https://www.themealdb.com); API terms: https://www.themealdb.com/terms_of_use.php,,
53411,Side,,rice,Dolma Japrak Stuffed Vine Leaves,International side recipe from TheMealDB.,,,,,https://www.themealdb.com/images/media/meals/lqshrh1779648160.jpg,https://www.themealdb.com/meal/53411,"[""side"", ""unknown"", ""ingredient:rice""]","[{""canonical_name"": ""pickled grape leaves"", ""category"": ""Other"", ""quantity"": 600.0, ""unit"": ""g"", ""optional"": false, ""source_name"": ""Pickled Grape Leaves"", ""source_measure"": ""600g""}, {""canonical_name"": ""lamb mince"", ""category"": ""Protein"", ""quantity"": 400.0, ""unit"": ""g"", ""optional"": false, ""source_name"": ""Lamb Mince"", ""source_measure"": ""400g""}, {""canonical_name"": ""onion"", ""category"": ""Vegetables"", ""quantity"": 5.0, ""unit"": ""chopped"", ""optional"": false, ""source_name"": ""Onion"", ""source_measure"": ""5 chopped""}, {""canonical_name"": ""rice"", ""category"": ""Grains"", ""quantity"": 75.0, ""unit"": ""g"", ""optional"": false, ""source_name"": ""Rice"", ""source_measure"": ""75g""}, {""canonical_name"": ""pepper"", ""category"": ""Vegetables"", ""quantity"": 1.0, ""unit"": ""tsp"", ""optional"": false, ""source_name"": ""Pepper"", ""source_measure"": ""1 tsp""}, {""canonical_name"": ""paprika"", ""category"": ""Seasoning"", ""quantity"": 1.0, ""unit"": ""tsp"", ""optional"": false, ""source_name"": ""Paprika"", ""source_measure"": ""1 tsp""}, {""canonical_name"": ""vegetable stock"", ""category"": ""Condiments"", ""quantity"": 1.0, ""unit"": ""tsp"", ""optional"": false, ""source_name"": ""Vegetable Stock"", ""source_measure"": ""1 tsp""}, {""canonical_name"": ""parsley"", ""category"": ""Other"", ""quantity"": 25.0, ""unit"": ""g"", ""optional"": false, ""source_name"": ""Parsley"", ""source_measure"": ""25g""}, {""canonical_name"": ""basil"", ""category"": ""Seasoning"", ""quantity"": 1.0, ""unit"": ""tsp"", ""optional"": false, ""source_name"": ""Basil"", ""source_measure"": ""1 tsp""}, {""canonical_name"": ""olive oil"", ""category"": ""Oil"", ""quantity"": null, ""unit"": null, ""optional"": false, ""source_name"": ""Olive Oil"", ""source_measure"": ""Splash""}, {""canonical_name"": ""salt"", ""category"": ""Seasoning"", ""quantity"": null, ""unit"": null, ""optional"": false, ""source_name"": ""Salt"", ""source_measure"": ""To taste""}, {""canonical_name"": ""boiling water"", ""category"": ""Oil"", ""quantity"": 2.0, ""unit"": ""l"", ""optional"": false, ""source_name"": ""Boiling Water"", ""source_measure"": ""2 Litres""}]","[{""step_number"": 1, ""instruction"": ""Preperation""}, {""step_number"": 2, ""instruction"": ""Add the onions to a saute pan and fry for 5 minutes in olive oil until the onions start to brown.""}, {""step_number"": 3, ""instruction"": ""Turn off the heat and add the meat, rice, pepper, paprika, dried vegetable stock, parsley and basil. Mix all the ingredients together.""}, {""step_number"": 4, ""instruction"": ""Carefully unwrap the vine leaves. Place one vine leaf on your hand with the base on the bottom of your palm and the point pointing towards the top. Add a second vine leaf with the point pointing downwards and base of the leaf at the top of your fingers. there should be a good overlap. You can do this on a flat surface if preferred.""}, {""step_number"": 5, ""instruction"": ""Place a spoonful of the meat and rice mixture in the middle of the leaves. Fold the bottom of the leaf over the mixture, fold in both sides and the roll the leaf upwards sealing in the mixture into a parcel shape.""}, {""step_number"": 6, ""instruction"": ""Layer a layer of vine leaves covering the bottom of a deep saucepan and then add the vine leaf parcel on top.""}, {""step_number"": 7, ""instruction"": ""Make as many vine leaf parcels as the meat and rice mixture will make adding each one to the saucepan. Pack the parcels side by side util the saucepan is covered, then start another layer on top.""}, {""step_number"": 8, ""instruction"": ""Cooking""}, {""step_number"": 9, ""instruction"": ""Pour into the saucepan enough boiling water to just cover the top of the vine leaves and bring to a boil. Leave to simmer with a lid on for 1.5 hours. All water should be absorbed however top up with a little extra boiling water if this happens before the time is up.""}, {""step_number"": 10, ""instruction"": ""Serving""}, {""step_number"": 11, ""instruction"": ""Remove from the saucepan and leave to cool for 10 minutes before serving.""}]",https://www.myalbanianfood.com/recipe/albanian-dolma-japrak/,https://www.youtube.com/watch?v=G7OLFDL63J4,2026-10-02T09:17:34.157519+00:00,"Source omits servings, prep/cook times and difficulty; blanks import as SQL NULL. Description generated from source category/cuisine. Ingredient categories and balance groups assigned locally.",TheMealDB (https://www.themealdb.com); API terms: https://www.themealdb.com/terms_of_use.php,,
52919,Side,France,potato,Fennel Dauphinoise,France side recipe from TheMealDB.,,,,,https://www.themealdb.com/images/media/meals/ytttsv1511798734.jpg,https://www.themealdb.com/meal/52919,"[""side"", ""france"", ""ingredient:potato"", ""pie"", ""sidedish""]","[{""canonical_name"": ""potato"", ""category"": ""Vegetables"", ""quantity"": 225.0, ""unit"": ""g"", ""optional"": false, ""source_name"": ""Potatoes"", ""source_measure"": ""225g""}, {""canonical_name"": ""fennel"", ""category"": ""Other"", ""quantity"": 1.0, ""unit"": ""small"", ""optional"": false, ""source_name"": ""Fennel"", ""source_measure"": ""1 small""}, {""canonical_name"": ""garlic"", ""category"": ""Vegetables"", ""quantity"": null, ""unit"": null, ""optional"": false, ""source_name"": ""Garlic"", ""source_measure"": ""1 clove finely chopped""}, {""canonical_name"": ""milk"", ""category"": ""Dairy"", ""quantity"": 75.0, ""unit"": ""ml"", ""optional"": false, ""source_name"": ""Milk"", ""source_measure"": ""75 ml""}, {""canonical_name"": ""double cream"", ""category"": ""Dairy"", ""quantity"": 100.0, ""unit"": ""ml"", ""optional"": false, ""source_name"": ""Double Cream"", ""source_measure"": ""100ml""}, {""canonical_name"": ""butter"", ""category"": ""Dairy"", ""quantity"": null, ""unit"": null, ""optional"": false, ""source_name"": ""Butter"", ""source_measure"": ""For Greasing""}, {""canonical_name"": ""parmesan cheese"", ""category"": ""Dairy"", ""quantity"": null, ""unit"": null, ""optional"": false, ""source_name"": ""Parmesan Cheese"", ""source_measure"": ""to serve""}]","[{""step_number"": 1, ""instruction"": ""Heat oven to 180C/160C fan/gas 4. Put potatoes, fennel, and garlic in a medium non-stick pan. Pour in milk and double cream, season well and simmer gently, covered, for 10 mins, stirring halfway through, until potatoes are just tender.""}, {""step_number"": 2, ""instruction"": ""Divide the mixture between 2 small (about 150ml) buttered ramekins and scatter with Parmesan. Bake for 40 mins until the potatoes are golden and tender when pierced with a knife. Snip the reserved fennel fronds over before serving.""}]",https://www.bbcgoodfood.com/recipes/fennel-dauphinoise,https://www.youtube.com/watch?v=tXBzZm2kkh8,2026-10-02T09:17:34.157519+00:00,"Source omits servings, prep/cook times and difficulty; blanks import as SQL NULL. Description generated from source category/cuisine. Ingredient categories and balance groups assigned locally.",TheMealDB (https://www.themealdb.com); API terms: https://www.themealdb.com/terms_of_use.php,,
53397,Side,,fruit,Haft Mewa Recipe,International side recipe from TheMealDB.,,,,,https://www.themealdb.com/images/media/meals/io2u3z1779551885.jpg,https://www.themealdb.com/meal/53397,"[""side"", ""unknown"", ""ingredient:fruit""]","[{""canonical_name"": ""dried apricots"", ""category"": ""Fruit"", ""quantity"": 110.0, ""unit"": ""g"", ""optional"": false, ""source_name"": ""Dried Apricots"", ""source_measure"": ""110g""}, {""canonical_name"": ""light raisins"", ""category"": ""Fruit"", ""quantity"": 50.0, ""unit"": ""g"", ""optional"": false, ""source_name"": ""Light Raisins"", ""source_measure"": ""50g""}, {""canonical_name"": ""raisins"", ""category"": ""Fruit"", ""quantity"": 110.0, ""unit"": ""g"", ""optional"": false, ""source_name"": ""Raisins"", ""source_measure"": ""110g""}, {""canonical_name"": ""walnuts"", ""category"": ""Other"", ""quantity"": 50.0, ""unit"": ""g"", ""optional"": false, ""source_name"": ""Walnuts"", ""source_measure"": ""50g""}, {""canonical_name"": ""almonds"", ""category"": ""Other"", ""quantity"": 50.0, ""unit"": ""g"", ""optional"": false, ""source_name"": ""Almonds"", ""source_measure"": ""50g""}, {""canonical_name"": ""pistachio"", ""category"": ""Other"", ""quantity"": 50.0, ""unit"": ""g"", ""optional"": false, ""source_name"": ""Pistachio"", ""source_measure"": ""50g""}, {""canonical_name"": ""cherry"", ""category"": ""Fruit"", ""quantity"": 50.0, ""unit"": ""g"", ""optional"": false, ""source_name"": ""Cherry"", ""source_measure"": ""50g""}, {""canonical_name"": ""rose water"", ""category"": ""Other"", ""quantity"": null, ""unit"": null, ""optional"": false, ""source_name"": ""Rose water"", ""source_measure"": ""Splash""}]","[{""step_number"": 1, ""instruction"": ""Wash the apricots and both raisins and place in a bowl - cover with cold water to 5cm above the fruit.""}, {""step_number"": 2, ""instruction"": ""Put the walnuts, pistachos and almonds in another bowl or pan and add boiling water. Leave to soak, and then peel off all the skins as they soften. This is a fiddly job and make take some time - but it's definitely worth the effort! Throw away the water.""}, {""step_number"": 3, ""instruction"": ""Combine the fruits with the nuts and cherries, including the juice they have been soaking in. Add the rose water, cover the mixture and leave in the fridge to rest for two days. When you leave the mix, the juice will become sweeter and syrupy, giving the dish a really unique consistency.""}, {""step_number"": 4, ""instruction"": ""To serve, spoon the fruit, nuts and juice into individual bowls or cups, and enjoy!""}]",https://www.afghanaid.org.uk/haft-mewa-recipe,https://www.youtube.com/watch?v=Mzv2JIg3TRA,2026-10-02T09:17:34.157519+00:00,"Source omits servings, prep/cook times and difficulty; blanks import as SQL NULL. Description generated from source category/cuisine. Ingredient categories and balance groups assigned locally.",TheMealDB (https://www.themealdb.com); API terms: https://www.themealdb.com/terms_of_use.php,,
53033,Side,Japanese,rice,Japanese gohan rice,Japanese side recipe from TheMealDB.,,,,,https://www.themealdb.com/images/media/meals/kw92t41604181871.jpg,https://www.themealdb.com/meal/53033,"[""side"", ""japanese"", ""ingredient:rice""]","[{""canonical_name"": ""sushi rice"", ""category"": ""Grains"", ""quantity"": 300.0, ""unit"": ""g"", ""optional"": false, ""source_name"": ""Sushi Rice"", ""source_measure"": ""300g""}, {""canonical_name"": ""mirin"", ""category"": ""Other"", ""quantity"": 1.0, ""unit"": ""tbsp"", ""optional"": false, ""source_name"": ""Mirin"", ""source_measure"": ""1 tbs""}, {""canonical_name"": ""pickle juice"", ""category"": ""Other"", ""quantity"": null, ""unit"": null, ""optional"": false, ""source_name"": ""Pickle Juice"", ""source_measure"": ""Garnish""}, {""canonical_name"": ""green onion"", ""category"": ""Vegetables"", ""quantity"": null, ""unit"": null, ""optional"": false, ""source_name"": ""Spring Onions"", ""source_measure"": ""Garnish""}]","[{""step_number"": 1, ""instruction"": ""Rinsing and soaking your rice is key to achieving the perfect texture. Measure the rice into a bowl, cover with cold water, then use your fingers to massage the grains of rice – the water will become cloudy. Drain and rinse again with fresh water. Repeat five more times until the water stays clear.""}, {""step_number"": 2, ""instruction"": ""Tip the rinsed rice into a saucepan with 400ml water, or 200ml dashi and 200ml water, bring to the boil, then turn down the heat to a low simmer, cover with a tight-fitting lid with a steam hole and cook for 15 mins. Remove from the heat and leave to sit for another 15 mins, then stir through the mirin. Remove the lid and give it a good stir. Serve with any or all of the optional toppings.""}]",https://www.bbcgoodfood.com/recipes/japanese-rice-gohan,https://www.youtube.com/watch?v=rZO86_-MIp0,2026-10-02T09:17:34.157519+00:00,"Source omits servings, prep/cook times and difficulty; blanks import as SQL NULL. Description generated from source category/cuisine. Ingredient categories and balance groups assigned locally.",TheMealDB (https://www.themealdb.com); API terms: https://www.themealdb.com/terms_of_use.php,,
52978,Side,Turkish,potato,Kumpir,Turkish side recipe from TheMealDB.,,,,,https://www.themealdb.com/images/media/meals/mlchx21564916997.jpg,https://www.themealdb.com/meal/52978,"[""side"", ""turkish"", ""ingredient:potato"", ""sidedish""]","[{""canonical_name"": ""potato"", ""category"": ""Vegetables"", ""quantity"": 2.0, ""unit"": ""large"", ""optional"": false, ""source_name"": ""Potatoes"", ""source_measure"": ""2 large""}, {""canonical_name"": ""butter"", ""category"": ""Dairy"", ""quantity"": 2.0, ""unit"": ""tbsp"", ""optional"": false, ""source_name"": ""Butter"", ""source_measure"": ""2 tbs""}, {""canonical_name"": ""cheese"", ""category"": ""Dairy"", ""quantity"": 150.0, ""unit"": ""g"", ""optional"": false, ""source_name"": ""Cheese"", ""source_measure"": ""150g""}, {""canonical_name"": ""onion"", ""category"": ""Vegetables"", ""quantity"": 1.0, ""unit"": ""large"", ""optional"": false, ""source_name"": ""Onion"", ""source_measure"": ""1 large""}, {""canonical_name"": ""bell pepper"", ""category"": ""Vegetables"", ""quantity"": 1.0, ""unit"": ""large"", ""optional"": false, ""source_name"": ""Red Pepper"", ""source_measure"": ""1 large""}, {""canonical_name"": ""red chilli flakes"", ""category"": ""Seasoning"", ""quantity"": null, ""unit"": null, ""optional"": false, ""source_name"": ""Red Chilli Flakes"", ""source_measure"": ""Pinch""}]","[{""step_number"": 1, ""instruction"": ""If you order kumpir in Turkey, the standard filling is first, lots of butter mashed into the potato, followed by cheese. There’s then a row of other toppings that you can just point at to your heart’s content – sweetcorn, olives, salami, coleslaw, Russian salad, allsorts – and you walk away with an over-stuffed potato because you got ever-excited by the choices on offer.""}, {""step_number"": 2, ""instruction"": ""Grate (roughly – you can use as much as you like) 150g of cheese.""}, {""step_number"": 3, ""instruction"": ""Finely chop one onion and one sweet red pepper.""}, {""step_number"": 4, ""instruction"": ""Put these ingredients into a large bowl with a good sprinkling of salt and pepper, chilli flakes (optional).""}]",http://www.turkeysforlife.com/2013/10/firinda-kumpir-turkish-street-food.html,https://www.youtube.com/watch?v=IEDEtZ4UVtI,2026-10-02T09:17:34.157519+00:00,"Source omits servings, prep/cook times and difficulty; blanks import as SQL NULL. Description generated from source category/cuisine. Ingredient categories and balance groups assigned locally.",TheMealDB (https://www.themealdb.com); API terms: https://www.themealdb.com/terms_of_use.php,,
52981,Side,Netherlands,potato,Snert (Dutch Split Pea Soup),Netherlands side recipe from TheMealDB.,,,,,https://www.themealdb.com/images/media/meals/9ptx0a1565090843.jpg,https://www.themealdb.com/meal/52981,"[""side"", ""netherlands"", ""ingredient:potato"", ""soup"", ""cake""]","[{""canonical_name"": ""water"", ""category"": ""Other"", ""quantity"": 2.0, ""unit"": ""l"", ""optional"": false, ""source_name"": ""Water"", ""source_measure"": ""2L""}, {""canonical_name"": ""peas"", ""category"": ""Other"", ""quantity"": 300.0, ""unit"": ""g"", ""optional"": false, ""source_name"": ""Peas"", ""source_measure"": ""300g""}, {""canonical_name"": ""pork"", ""category"": ""Protein"", ""quantity"": 100.0, ""unit"": ""g"", ""optional"": false, ""source_name"": ""Pork"", ""source_measure"": ""100g""}, {""canonical_name"": ""vegetable stock cube"", ""category"": ""Condiments"", ""quantity"": 1.0, ""unit"": null, ""optional"": false, ""source_name"": ""Vegetable Stock Cube"", ""source_measure"": ""1""}, {""canonical_name"": ""celery"", ""category"": ""Vegetables"", ""quantity"": 2.0, ""unit"": null, ""optional"": false, ""source_name"": ""Celery"", ""source_measure"": ""2""}, {""canonical_name"": ""carrot"", ""category"": ""Vegetables"", ""quantity"": 2.0, ""unit"": null, ""optional"": false, ""source_name"": ""Carrots"", ""source_measure"": ""2""}, {""canonical_name"": ""potato"", ""category"": ""Vegetables"", ""quantity"": 1.0, ""unit"": ""large"", ""optional"": false, ""source_name"": ""Potatoes"", ""source_measure"": ""1 large""}, {""canonical_name"": ""onion"", ""category"": ""Vegetables"", ""quantity"": 1.0, ""unit"": ""small"", ""optional"": false, ""source_name"": ""Onion"", ""source_measure"": ""1 small""}, {""canonical_name"": ""leek"", ""category"": ""Vegetables"", ""quantity"": 1.0, ""unit"": ""small"", ""optional"": false, ""source_name"": ""Leek"", ""source_measure"": ""1 small""}, {""canonical_name"": ""celeriac"", ""category"": ""Other"", ""quantity"": 1.0, ""unit"": ""cup"", ""optional"": false, ""source_name"": ""Celeriac"", ""source_measure"": ""1 cup""}, {""canonical_name"": ""sausages"", ""category"": ""Protein"", ""quantity"": 1.0, ""unit"": ""pound"", ""optional"": false, ""source_name"": ""Sausages"", ""source_measure"": ""1 pound""}]","[{""step_number"": 1, ""instruction"": ""Gather the ingredients.""}, {""step_number"": 2, ""instruction"": ""In a large soup pot, bring water, split peas, pork belly or bacon, pork chop, and bouillon cube to a boil. Reduce the heat to a simmer, cover and let cook for 45 minutes, stirring occasionally and skimming off any foam that rises to the top.""}, {""step_number"": 3, ""instruction"": ""Remove the pork chop, debone, and thinly slice the meat. Set aside.""}, {""step_number"": 4, ""instruction"": ""Add the celery, carrots, potato, onion, leek, and celeriac to the soup. Return to the boil, reduce the heat to a simmer and let cook, uncovered, for another 30 minutes, adding a little extra water if the ingredients start to stick to the bottom of the pot.""}, {""step_number"": 5, ""instruction"": ""Add the smoked sausage for the last 15 minutes of cooking time. When the vegetables are tender, remove the bacon and smoked sausage, slice thinly and set aside.""}, {""step_number"": 6, ""instruction"": ""If you prefer a smooth consistency, purée the soup with a stick blender. Season to taste with salt and pepper. Add the meat back to the soup, setting some slices of rookworst aside.""}, {""step_number"": 7, ""instruction"": ""Serve in heated bowls or soup plates, garnished with slices of rookworst and chopped celery leaf.""}, {""step_number"": 8, ""instruction"": ""Enjoy!""}]",https://www.thespruceeats.com/traditional-dutch-split-pea-soup-1129011,https://www.youtube.com/watch?v=5YV0sJLtLt8,2026-10-02T09:17:34.157519+00:00,"Source omits servings, prep/cook times and difficulty; blanks import as SQL NULL. Description generated from source category/cuisine. Ingredient categories and balance groups assigned locally.",TheMealDB (https://www.themealdb.com); API terms: https://www.themealdb.com/terms_of_use.php,,
53107,Vegetarian,Australian,potato,Avocado dip with new potatoes,Australian vegetarian recipe from TheMealDB.,,,,,https://www.themealdb.com/images/media/meals/flrajf1762341295.jpg,https://www.themealdb.com/meal/53107,"[""vegetarian"", ""australian"", ""ingredient:potato""]","[{""canonical_name"": ""avocado"", ""category"": ""Fruit"", ""quantity"": 3.0, ""unit"": ""large"", ""optional"": false, ""source_name"": ""Avocado"", ""source_measure"": ""3 Large""}, {""canonical_name"": ""yogurt"", ""category"": ""Dairy"", ""quantity"": 200.0, ""unit"": ""g"", ""optional"": false, ""source_name"": ""Natural Yoghurt"", ""source_measure"": ""200g""}, {""canonical_name"": ""lime"", ""category"": ""Fruit"", ""quantity"": null, ""unit"": null, ""optional"": false, ""source_name"": ""Lime"", ""source_measure"": ""Zest and juice of 1""}, {""canonical_name"": ""lemon"", ""category"": ""Fruit"", ""quantity"": null, ""unit"": null, ""optional"": false, ""source_name"": ""Lemon"", ""source_measure"": ""Juice of 1/2""}, {""canonical_name"": ""baby new potatoes"", ""category"": ""Other"", ""quantity"": 1.25, ""unit"": ""kg"", ""optional"": false, ""source_name"": ""Baby New Potatoes"", ""source_measure"": ""1.25kg""}, {""canonical_name"": ""olive oil"", ""category"": ""Oil"", ""quantity"": 2.0, ""unit"": ""tbsp"", ""optional"": false, ""source_name"": ""Olive Oil"", ""source_measure"": ""2 tablespoons""}, {""canonical_name"": ""hot chilli powder"", ""category"": ""Seasoning"", ""quantity"": 1.0, ""unit"": ""tsp"", ""optional"": false, ""source_name"": ""Hot Chilli Powder"", ""source_measure"": ""1 teaspoon""}, {""canonical_name"": ""cumin seeds"", ""category"": ""Seasoning"", ""quantity"": 1.0, ""unit"": ""tsp"", ""optional"": false, ""source_name"": ""Cumin Seeds"", ""source_measure"": ""1 teaspoon""}, {""canonical_name"": ""tortillas"", ""category"": ""Other"", ""quantity"": 200.0, ""unit"": ""g"", ""optional"": false, ""source_name"": ""Tortillas"", ""source_measure"": ""200g""}]","[{""step_number"": 1, ""instruction"": ""Whizz half the avocado flesh with the yogurt, lime and lemon juice and seasoning. Dice the remaining avocado, then gently stir into the whizzed mix with most of the lime zest. Cover, then chill until ready to serve.""}, {""step_number"": 2, ""instruction"": ""Boil potatoes for 6 mins, then drain well and toss with olive oil, chilli powder and cumin seeds. Now set aside until half an hour before your guests arrive.""}, {""step_number"": 3, ""instruction"": ""Heat oven to 200C/180C fan/gas 6, then roast potatoes for about 30 mins, shaking the tray halfway, until golden and tender. Transfer the dip to one or two bowls, scatter with the remaining lime zest and serve with the hot potatoes, and tortilla chips for dipping.""}]",https://www.bbcgoodfood.com/recipes/avocado-citrus-dip-spicy-spuds-tortilla-chips,,2026-10-02T09:17:34.157519+00:00,"Source omits servings, prep/cook times and difficulty; blanks import as SQL NULL. Description generated from source category/cuisine. Ingredient categories and balance groups assigned locally.",TheMealDB (https://www.themealdb.com); API terms: https://www.themealdb.com/terms_of_use.php,,
53536,Vegetarian,,legumes,Black Beans Hotpot,International vegetarian recipe from TheMealDB.,,,,,https://www.themealdb.com/images/media/meals/81ahfr1784394567.jpg,https://www.themealdb.com/meal/53536,"[""vegetarian"", ""unknown"", ""ingredient:legumes""]","[{""canonical_name"": ""black bean"", ""category"": ""Legumes"", ""quantity"": 400.0, ""unit"": ""g"", ""optional"": false, ""source_name"": ""Black Beans"", ""source_measure"": ""400g""}, {""canonical_name"": ""onion"", ""category"": ""Vegetables"", ""quantity"": 1.0, ""unit"": ""large"", ""optional"": false, ""source_name"": ""Onion"", ""source_measure"": ""1 large""}, {""canonical_name"": ""bell pepper"", ""category"": ""Vegetables"", ""quantity"": 2.0, ""unit"": null, ""optional"": false, ""source_name"": ""Green Pepper / Red Pepper"", ""source_measure"": ""1 / 1""}, {""canonical_name"": ""celery"", ""category"": ""Vegetables"", ""quantity"": 0.33, ""unit"": ""cup"", ""optional"": false, ""source_name"": ""Celery"", ""source_measure"": ""1/3 cup""}, {""canonical_name"": ""garlic"", ""category"": ""Vegetables"", ""quantity"": null, ""unit"": null, ""optional"": false, ""source_name"": ""Garlic"", ""source_measure"": ""4 Cloves Crushed""}, {""canonical_name"": ""ground cumin"", ""category"": ""Seasoning"", ""quantity"": 1.5, ""unit"": ""tsp"", ""optional"": false, ""source_name"": ""Ground Cumin"", ""source_measure"": ""1 1/2 tsp""}, {""canonical_name"": ""oregano"", ""category"": ""Seasoning"", ""quantity"": 1.0, ""unit"": ""tbsp"", ""optional"": false, ""source_name"": ""Oregano"", ""source_measure"": ""1 tablespoon""}, {""canonical_name"": ""salt"", ""category"": ""Seasoning"", ""quantity"": 1.5, ""unit"": ""tsp"", ""optional"": false, ""source_name"": ""Salt"", ""source_measure"": ""1 1/2 tsp""}, {""canonical_name"": ""black pepper"", ""category"": ""Vegetables"", ""quantity"": 2.0, ""unit"": ""tsp"", ""optional"": false, ""source_name"": ""Black Pepper"", ""source_measure"": ""2 tsp""}, {""canonical_name"": ""water"", ""category"": ""Other"", ""quantity"": 5.0, ""unit"": ""cup"", ""optional"": false, ""source_name"": ""Water"", ""source_measure"": ""5 Cups""}]","[{""step_number"": 1, ""instruction"": ""Add all the ingredients in the Instant pot, Lock the lid on and set the Instant Pot to High Pressure for 35 minutes. Once the beans are done cooking, let the pressure release naturally for 20 minutes before releasing the remaining pressure. Open and serve!""}, {""step_number"": 2, ""instruction"": ""Let the beans get cool completely before saving them in the fridge or freezer.""}]",https://www.recipesfromcostarica.com/recipes,,2026-10-02T09:17:34.157519+00:00,"Source omits servings, prep/cook times and difficulty; blanks import as SQL NULL. Description generated from source category/cuisine. Ingredient categories and balance groups assigned locally.",TheMealDB (https://www.themealdb.com); API terms: https://www.themealdb.com/terms_of_use.php,,
53357,Vegetarian,Jamaican,rice,Jamaican Rice and Peas,Jamaican vegetarian recipe from TheMealDB.,,,,,https://www.themealdb.com/images/media/meals/pkyvrn1764878267.jpg,https://www.themealdb.com/meal/53357,"[""vegetarian"", ""jamaican"", ""ingredient:rice""]","[{""canonical_name"": ""rice"", ""category"": ""Grains"", ""quantity"": 2.0, ""unit"": ""cup"", ""optional"": false, ""source_name"": ""Rice"", ""source_measure"": ""2 cups""}, {""canonical_name"": ""coconut milk"", ""category"": ""Other"", ""quantity"": 380.0, ""unit"": ""g"", ""optional"": false, ""source_name"": ""Coconut Milk"", ""source_measure"": ""380g""}, {""canonical_name"": ""kidney bean"", ""category"": ""Legumes"", ""quantity"": 450.0, ""unit"": ""g"", ""optional"": false, ""source_name"": ""Kidney Beans"", ""source_measure"": ""450g""}, {""canonical_name"": ""water"", ""category"": ""Other"", ""quantity"": 1.0, ""unit"": ""cup"", ""optional"": false, ""source_name"": ""Water"", ""source_measure"": ""1 cup""}, {""canonical_name"": ""kosher salt"", ""category"": ""Seasoning"", ""quantity"": 2.0, ""unit"": ""tsp"", ""optional"": false, ""source_name"": ""Kosher Salt"", ""source_measure"": ""2 tsp""}, {""canonical_name"": ""ground allspice"", ""category"": ""Seasoning"", ""quantity"": 0.5, ""unit"": ""tsp"", ""optional"": false, ""source_name"": ""Ground Allspice"", ""source_measure"": ""1/2 tsp""}, {""canonical_name"": ""black pepper"", ""category"": ""Vegetables"", ""quantity"": 0.25, ""unit"": ""tsp"", ""optional"": false, ""source_name"": ""Black Pepper"", ""source_measure"": ""1/4 tsp""}, {""canonical_name"": ""green onion"", ""category"": ""Vegetables"", ""quantity"": 3.0, ""unit"": null, ""optional"": false, ""source_name"": ""Spring Onions"", ""source_measure"": ""3""}, {""canonical_name"": ""thyme"", ""category"": ""Seasoning"", ""quantity"": 2.0, ""unit"": ""sprigs"", ""optional"": false, ""source_name"": ""Thyme"", ""source_measure"": ""2 sprigs""}, {""canonical_name"": ""scotch bonnet"", ""category"": ""Other"", ""quantity"": 1.0, ""unit"": null, ""optional"": false, ""source_name"": ""Scotch Bonnet"", ""source_measure"": ""1""}]","[{""step_number"": 1, ""instruction"": ""Equipment""}, {""step_number"": 2, ""instruction"": ""Dutch oven""}, {""step_number"": 3, ""instruction"": ""Add rice, coconut milk, kidney beans, water, kosher salt, allspice, and black pepper to a large pot and stir until combined. Lay green onions, thyme and Scotch bonnet pepper on top. Bring mixture to a boil.""}, {""step_number"": 4, ""instruction"": ""Once boiling, reduce heat to low and cover with a lid. Allow to cook covered for 18 minutes over low heat, then remove from heat. Leave the lid on for an additional 5 minutes.""}, {""step_number"": 5, ""instruction"": ""Open the lid and remove the green onion, Scotch bonnet pepper, and thyme. Fluff the rice and peas with a fork. Serve and enjoy.""}]",https://www.myforkinglife.com/jamaican-rice-and-peas/#recipe,https://www.youtube.com/watch?v=swVY-6tUK5g,2026-10-02T09:17:34.157519+00:00,"Source omits servings, prep/cook times and difficulty; blanks import as SQL NULL. Description generated from source category/cuisine. Ingredient categories and balance groups assigned locally.",TheMealDB (https://www.themealdb.com); API terms: https://www.themealdb.com/terms_of_use.php,,
53445,Vegetarian,,potato,Kaspressknödel - Cheese Dumplings,International vegetarian recipe from TheMealDB.,,,,,https://www.themealdb.com/images/media/meals/x26z3y1780155760.jpg,https://www.themealdb.com/meal/53445,"[""vegetarian"", ""unknown"", ""ingredient:potato""]","[{""canonical_name"": ""bread"", ""category"": ""Grains"", ""quantity"": 250.0, ""unit"": ""g"", ""optional"": false, ""source_name"": ""Bread"", ""source_measure"": ""250g""}, {""canonical_name"": ""cheese"", ""category"": ""Dairy"", ""quantity"": 250.0, ""unit"": ""g"", ""optional"": false, ""source_name"": ""Cheese"", ""source_measure"": ""250g""}, {""canonical_name"": ""egg"", ""category"": ""Protein"", ""quantity"": 2.0, ""unit"": null, ""optional"": false, ""source_name"": ""Eggs"", ""source_measure"": ""2""}, {""canonical_name"": ""salt"", ""category"": ""Seasoning"", ""quantity"": null, ""unit"": null, ""optional"": false, ""source_name"": ""Salt"", ""source_measure"": ""Pinch""}, {""canonical_name"": ""parsley"", ""category"": ""Other"", ""quantity"": null, ""unit"": null, ""optional"": false, ""source_name"": ""Parsley"", ""source_measure"": ""Pinch""}, {""canonical_name"": ""potato"", ""category"": ""Vegetables"", ""quantity"": 3.0, ""unit"": null, ""optional"": false, ""source_name"": ""Potatoes"", ""source_measure"": ""3""}, {""canonical_name"": ""flour"", ""category"": ""Grains"", ""quantity"": 100.0, ""unit"": ""g"", ""optional"": false, ""source_name"": ""Flour"", ""source_measure"": ""100g""}, {""canonical_name"": ""milk"", ""category"": ""Dairy"", ""quantity"": 250.0, ""unit"": ""ml"", ""optional"": false, ""source_name"": ""Milk"", ""source_measure"": ""250ml""}, {""canonical_name"": ""onion"", ""category"": ""Vegetables"", ""quantity"": 1.0, ""unit"": ""small"", ""optional"": false, ""source_name"": ""Onion"", ""source_measure"": ""1 small""}, {""canonical_name"": ""butter"", ""category"": ""Dairy"", ""quantity"": null, ""unit"": null, ""optional"": false, ""source_name"": ""Butter"", ""source_measure"": ""For frying""}]","[{""step_number"": 1, ""instruction"": ""Mix the cubed white bread with the milk, season with salt, and let the mixture rest for a while.""}, {""step_number"": 2, ""instruction"": ""Now add the shredded potatoes, the grated cheese, eggs, and parsley.""}, {""step_number"": 3, ""instruction"": ""Melt the butter and fry the cubed onions until golden brown in colour and put into the mixture.""}, {""step_number"": 4, ""instruction"": ""Add the flour and gently knead the dough. Shape it into round dumplings, gently press them flat and fry them on both sides in butter until golden brown.""}, {""step_number"": 5, ""instruction"": ""Serve in clear broth.""}]",https://www.austria.info/en-gb/recipes/cheese-dumplings/,,2026-10-02T09:17:34.157519+00:00,"Source omits servings, prep/cook times and difficulty; blanks import as SQL NULL. Description generated from source category/cuisine. Ingredient categories and balance groups assigned locally.",TheMealDB (https://www.themealdb.com); API terms: https://www.themealdb.com/terms_of_use.php,,
52868,Vegetarian,India,rice,Kidney Bean Curry,India vegetarian recipe from TheMealDB.,,,,,https://www.themealdb.com/images/media/meals/sywrsu1511463066.jpg,https://www.themealdb.com/meal/52868,"[""vegetarian"", ""india"", ""ingredient:rice"", ""curry""]","[{""canonical_name"": ""vegetable oil"", ""category"": ""Oil"", ""quantity"": 1.0, ""unit"": ""tbls"", ""optional"": false, ""source_name"": ""Vegetable Oil"", ""source_measure"": ""1 tbls""}, {""canonical_name"": ""onion"", ""category"": ""Vegetables"", ""quantity"": null, ""unit"": null, ""optional"": false, ""source_name"": ""Onion"", ""source_measure"": ""1 finely chopped""}, {""canonical_name"": ""garlic"", ""category"": ""Vegetables"", ""quantity"": null, ""unit"": null, ""optional"": false, ""source_name"": ""Garlic"", ""source_measure"": ""2 cloves chopped""}, {""canonical_name"": ""ginger"", ""category"": ""Seasoning"", ""quantity"": 1.0, ""unit"": ""part"", ""optional"": false, ""source_name"": ""Ginger"", ""source_measure"": ""1 part""}, {""canonical_name"": ""coriander"", ""category"": ""Seasoning"", ""quantity"": 1.0, ""unit"": ""packet"", ""optional"": false, ""source_name"": ""Coriander"", ""source_measure"": ""1 Packet""}, {""canonical_name"": ""cumin"", ""category"": ""Seasoning"", ""quantity"": 1.0, ""unit"": ""tsp"", ""optional"": false, ""source_name"": ""Cumin"", ""source_measure"": ""1 tsp""}, {""canonical_name"": ""paprika"", ""category"": ""Seasoning"", ""quantity"": 1.0, ""unit"": ""tsp"", ""optional"": false, ""source_name"": ""Paprika"", ""source_measure"": ""1 tsp""}, {""canonical_name"": ""garam masala"", ""category"": ""Other"", ""quantity"": 2.0, ""unit"": ""tsp"", ""optional"": false, ""source_name"": ""Garam Masala"", ""source_measure"": ""2 tsp""}, {""canonical_name"": ""tomato"", ""category"": ""Vegetables"", ""quantity"": 400.0, ""unit"": ""g"", ""optional"": false, ""source_name"": ""Chopped Tomatoes"", ""source_measure"": ""400g""}, {""canonical_name"": ""kidney bean"", ""category"": ""Legumes"", ""quantity"": 400.0, ""unit"": ""g"", ""optional"": false, ""source_name"": ""Kidney Beans"", ""source_measure"": ""400g""}, {""canonical_name"": ""basmati rice"", ""category"": ""Grains"", ""quantity"": null, ""unit"": null, ""optional"": false, ""source_name"": ""Basmati Rice"", ""source_measure"": ""to serve""}]","[{""step_number"": 1, ""instruction"": ""Heat the oil in a large frying pan over a low-medium heat. Add the onion and a pinch of salt and cook slowly, stirring occasionally, until softened and just starting to colour. Add the garlic, ginger and coriander stalks and cook for a further 2 mins, until fragrant.""}, {""step_number"": 2, ""instruction"": ""Add the spices to the pan and cook for another 1 min, by which point everything should smell aromatic. Tip in the chopped tomatoes and kidney beans in their water, then bring to the boil.""}, {""step_number"": 3, ""instruction"": ""Turn down the heat and simmer for 15 mins until the curry is nice and thick. Season to taste, then serve with the basmati rice and the coriander leaves.""}]",https://www.bbcgoodfood.com/recipes/kidney-bean-curry,https://www.youtube.com/watch?v=Tp_PMWvIKzo,2026-10-02T09:17:34.157519+00:00,"Source omits servings, prep/cook times and difficulty; blanks import as SQL NULL. Description generated from source category/cuisine. Ingredient categories and balance groups assigned locally.",TheMealDB (https://www.themealdb.com); API terms: https://www.themealdb.com/terms_of_use.php,,
53506,Vegetarian,,legumes,Rice and Beans,International vegetarian recipe from TheMealDB.,,,,,https://www.themealdb.com/images/media/meals/j8c1d51782772399.jpg,https://www.themealdb.com/meal/53506,"[""vegetarian"", ""unknown"", ""ingredient:legumes""]","[{""canonical_name"": ""kidney bean"", ""category"": ""Legumes"", ""quantity"": 0.5, ""unit"": ""bag"", ""optional"": false, ""source_name"": ""Kidney Beans"", ""source_measure"": ""1/2 bag""}, {""canonical_name"": ""coconut milk"", ""category"": ""Other"", ""quantity"": 1.0, ""unit"": ""can"", ""optional"": false, ""source_name"": ""Coconut Milk"", ""source_measure"": ""1 Can""}, {""canonical_name"": ""onion"", ""category"": ""Vegetables"", ""quantity"": 1.0, ""unit"": ""diced"", ""optional"": false, ""source_name"": ""Onion"", ""source_measure"": ""1 Diced""}, {""canonical_name"": ""scotch bonnet"", ""category"": ""Other"", ""quantity"": 3.0, ""unit"": null, ""optional"": false, ""source_name"": ""Scotch Bonnet"", ""source_measure"": ""3""}, {""canonical_name"": ""black pepper"", ""category"": ""Vegetables"", ""quantity"": 1.0, ""unit"": ""tbsp"", ""optional"": false, ""source_name"": ""Black Pepper"", ""source_measure"": ""1 tablespoon""}, {""canonical_name"": ""salt"", ""category"": ""Seasoning"", ""quantity"": 0.5, ""unit"": ""tbsp"", ""optional"": false, ""source_name"": ""Salt"", ""source_measure"": ""1/2 tbs""}]","[{""step_number"": 1, ""instruction"": ""Cook beans until tender, add rice, coconut milk, onion, black pepper and salt, and add enough water to just cover the ingredients. Place Scotch Bonnet peppers on top, careful not to burst them. Simmer until rice is tender. Remove pepper before serving.""}]",https://www.ourcayman.ky/en-us/about/more-about-cayman/recipes,,2026-10-02T09:17:34.157519+00:00,"Source omits servings, prep/cook times and difficulty; blanks import as SQL NULL. Description generated from source category/cuisine. Ingredient categories and balance groups assigned locally.",TheMealDB (https://www.themealdb.com); API terms: https://www.themealdb.com/terms_of_use.php,,
53296,Vegetarian,Polish,egg,Sauerkraut pierogi,Polish vegetarian recipe from TheMealDB.,,,,,https://www.themealdb.com/images/media/meals/ckbx1h1764123606.jpg,https://www.themealdb.com/meal/53296,"[""vegetarian"", ""polish"", ""ingredient:egg""]","[{""canonical_name"": ""sunflower oil"", ""category"": ""Oil"", ""quantity"": 1.0, ""unit"": ""tbsp"", ""optional"": false, ""source_name"": ""Sunflower Oil"", ""source_measure"": ""1 tablespoon""}, {""canonical_name"": ""shallots"", ""category"": ""Other"", ""quantity"": 4.0, ""unit"": null, ""optional"": false, ""source_name"": ""Shallots / Shallots"", ""source_measure"": ""2 / 2""}, {""canonical_name"": ""sauerkraut"", ""category"": ""Other"", ""quantity"": 150.0, ""unit"": ""g"", ""optional"": false, ""source_name"": ""Sauerkraut"", ""source_measure"": ""150g""}, {""canonical_name"": ""hispi (sweetheart) cabbage"", ""category"": ""Vegetables"", ""quantity"": 150.0, ""unit"": ""g"", ""optional"": false, ""source_name"": ""Hispi (sweetheart) Cabbage"", ""source_measure"": ""150g""}, {""canonical_name"": ""egg"", ""category"": ""Protein"", ""quantity"": 1.0, ""unit"": ""large"", ""optional"": false, ""source_name"": ""Egg"", ""source_measure"": ""1 large""}, {""canonical_name"": ""vegetable oil"", ""category"": ""Oil"", ""quantity"": null, ""unit"": null, ""optional"": false, ""source_name"": ""Vegetable Oil / Vegetable Oil"", ""source_measure"": ""1/2 tbs / For frying""}, {""canonical_name"": ""flour"", ""category"": ""Grains"", ""quantity"": null, ""unit"": null, ""optional"": false, ""source_name"": ""Plain Flour / Plain Flour"", ""source_measure"": ""350g / Dusting""}, {""canonical_name"": ""butter"", ""category"": ""Dairy"", ""quantity"": 45.0, ""unit"": ""g"", ""optional"": false, ""source_name"": ""Butter"", ""source_measure"": ""45g""}, {""canonical_name"": ""sour cream"", ""category"": ""Dairy"", ""quantity"": 60.0, ""unit"": ""ml"", ""optional"": false, ""source_name"": ""Sour Cream"", ""source_measure"": ""60 ml""}]","[{""step_number"": 1, ""instruction"": ""First, make the crispy shallots. Heat the oil in a saucepan to 180C (a cube of bread will turn golden in 15 secs). Toss the shallots in a little flour and deep-fry for 1 min or until light golden and crispy. Drain on kitchen paper. Can be made up to two days before and kept in an airtight container.""}, {""step_number"": 2, ""instruction"": ""To make the filling, heat the oil in a medium non-stick frying pan and gently fry the shallots for 10 mins until starting to turn golden.""}, {""step_number"": 3, ""instruction"": ""Add the sauerkraut and cabbage, and cook for 5-10 mins until the cabbage has softened. Taste and add a little salt if under-seasoned, or sugar if stringent. Scrape into a bowl and leave to cool completely.""}, {""step_number"": 4, ""instruction"": ""To make the dough, mix the eggs and oil with 125ml water, then gradually add in the flour, mixing well with your hands. Knead it on a well-floured surface until the dough stops sticking to your hands. You should end up with firm, elastic dough. Wrap it in cling film and rest in the fridge for at least 30 mins, or overnight.""}, {""step_number"": 5, ""instruction"": ""Flour your work surface generously. Roll out the dough to a 40cm circle or until the dough is as thick as £1 coin.""}, {""step_number"": 6, ""instruction"": ""Using a 9cm cookie cutter, cut out discs in the dough – you should end up with about 25 discs. Do not throw away the off-cuts – we throw them in with the pierogi when boiling to minimise any waste.""}, {""step_number"": 7, ""instruction"": ""Have a well-floured tray ready. Put 1 tsp of the filling into the centre of each disc. In your hand, fold in half around the filling and seal to create half-moon shapes. Put them on the floured tray, making sure they don’t touch each other.""}, {""step_number"": 8, ""instruction"": ""Bring a large saucepan of salted water to the boil and carefully lower the pierogi in. Boil them for 2 mins or until they float to the top.""}, {""step_number"": 9, ""instruction"": ""Drain and serve with a knob of butter and some soured cream. Finish by sprinkling the crispy shallots on top to serve.""}]",https://www.bbcgoodfood.com/recipes/pierogi,https://www.youtube.com/watch?v=eVWBJt2jaPU,2026-10-02T09:17:34.157519+00:00,"Source omits servings, prep/cook times and difficulty; blanks import as SQL NULL. Description generated from source category/cuisine. Ingredient categories and balance groups assigned locally.",TheMealDB (https://www.themealdb.com); API terms: https://www.themealdb.com/terms_of_use.php,,
53075,Vegetarian,Filipino,egg,Tortang Talong,Filipino vegetarian recipe from TheMealDB.,,,,,https://www.themealdb.com/images/media/meals/va668f1683209318.jpg,https://www.themealdb.com/meal/53075,"[""vegetarian"", ""filipino"", ""ingredient:egg""]","[{""canonical_name"": ""eggplant"", ""category"": ""Vegetables"", ""quantity"": 4.0, ""unit"": null, ""optional"": false, ""source_name"": ""Egg Plants"", ""source_measure"": ""4""}, {""canonical_name"": ""egg"", ""category"": ""Protein"", ""quantity"": 2.0, ""unit"": null, ""optional"": false, ""source_name"": ""Eggs"", ""source_measure"": ""2""}, {""canonical_name"": ""salt"", ""category"": ""Seasoning"", ""quantity"": 1.0, ""unit"": ""tsp"", ""optional"": false, ""source_name"": ""Salt"", ""source_measure"": ""1 tsp""}, {""canonical_name"": ""olive oil"", ""category"": ""Oil"", ""quantity"": 4.0, ""unit"": ""tsp"", ""optional"": false, ""source_name"": ""Olive Oil"", ""source_measure"": ""4 tsp""}]","[{""step_number"": 1, ""instruction"": ""Grill the eggplant until the color of skin turns almost black""}, {""step_number"": 2, ""instruction"": ""Let the eggplant cool for a while then peel off the skin. Set aside.""}, {""step_number"": 3, ""instruction"": ""Crack the eggs and place in a bowl""}, {""step_number"": 4, ""instruction"": ""Add salt and beat""}, {""step_number"": 5, ""instruction"": ""Place the eggplant on a flat surface and flatten using a fork.""}, {""step_number"": 6, ""instruction"": ""Dip the flattened eggplant in the beaten egg mixture""}, {""step_number"": 7, ""instruction"": ""Heat the pan and pour the cooking oil""}, {""step_number"": 8, ""instruction"": ""Fry the eggplant (that was dipped in the beaten mixture). Make sure that both sides are cooked. Frying time will take you about 3 to 4 minutes per side on medium heat.""}]",https://www.sainsburysmagazine.co.uk/recipes/mains/tortang-talong,https://www.youtube.com/watch?v=eLl8ekOu1MM,2026-10-02T09:17:34.157519+00:00,"Source omits servings, prep/cook times and difficulty; blanks import as SQL NULL. Description generated from source category/cuisine. Ingredient categories and balance groups assigned locally.",TheMealDB (https://www.themealdb.com); API terms: https://www.themealdb.com/terms_of_use.php,,
52863,Vegetarian,British,legumes,Vegetarian Casserole,British vegetarian recipe from TheMealDB.,,,,,https://www.themealdb.com/images/media/meals/vptwyt1511450962.jpg,https://www.themealdb.com/meal/52863,"[""vegetarian"", ""british"", ""ingredient:legumes"", ""casserole""]","[{""canonical_name"": ""rapeseed oil"", ""category"": ""Oil"", ""quantity"": 1.0, ""unit"": null, ""optional"": false, ""source_name"": ""Rapeseed Oil"", ""source_measure"": ""1""}, {""canonical_name"": ""onion"", ""category"": ""Vegetables"", ""quantity"": 1.0, ""unit"": null, ""optional"": false, ""source_name"": ""Onion"", ""source_measure"": ""1""}, {""canonical_name"": ""garlic"", ""category"": ""Vegetables"", ""quantity"": 3.0, ""unit"": ""cloves"", ""optional"": false, ""source_name"": ""Garlic"", ""source_measure"": ""3 cloves""}, {""canonical_name"": ""paprika"", ""category"": ""Seasoning"", ""quantity"": 1.0, ""unit"": ""tsp"", ""optional"": false, ""source_name"": ""Paprika"", ""source_measure"": ""1 tsp""}, {""canonical_name"": ""cumin"", ""category"": ""Seasoning"", ""quantity"": 0.5, ""unit"": ""tsp"", ""optional"": false, ""source_name"": ""Cumin"", ""source_measure"": ""½ tsp""}, {""canonical_name"": ""thyme"", ""category"": ""Seasoning"", ""quantity"": null, ""unit"": null, ""optional"": false, ""source_name"": ""Thyme / Thyme"", ""source_measure"": ""1 tblsp / 2 sprigs""}, {""canonical_name"": ""carrot"", ""category"": ""Vegetables"", ""quantity"": 3.0, ""unit"": ""medium"", ""optional"": false, ""source_name"": ""Carrots"", ""source_measure"": ""3 Medium""}, {""canonical_name"": ""celery"", ""category"": ""Vegetables"", ""quantity"": null, ""unit"": null, ""optional"": false, ""source_name"": ""Celery"", ""source_measure"": ""2 small stalks""}, {""canonical_name"": ""bell pepper"", ""category"": ""Vegetables"", ""quantity"": 2.0, ""unit"": null, ""optional"": false, ""source_name"": ""Red Pepper / Yellow Pepper"", ""source_measure"": ""1 / 1""}, {""canonical_name"": ""tomato"", ""category"": ""Vegetables"", ""quantity"": null, ""unit"": null, ""optional"": false, ""source_name"": ""Tomato"", ""source_measure"": ""2 x 400g tins""}, {""canonical_name"": ""vegetable stock cube"", ""category"": ""Condiments"", ""quantity"": 250.0, ""unit"": ""ml"", ""optional"": false, ""source_name"": ""Vegetable Stock Cube"", ""source_measure"": ""250ml""}, {""canonical_name"": ""courgettes"", ""category"": ""Vegetables"", ""quantity"": 2.0, ""unit"": ""sliced"", ""optional"": false, ""source_name"": ""Courgettes"", ""source_measure"": ""2 sliced""}, {""canonical_name"": ""lentil"", ""category"": ""Legumes"", ""quantity"": 250.0, ""unit"": ""g"", ""optional"": false, ""source_name"": ""Lentils"", ""source_measure"": ""250g""}]","[{""step_number"": 1, ""instruction"": ""Heat the oil in a large, heavy-based pan. Add the onions and cook gently for 5 – 10 mins until softened.""}, {""step_number"": 2, ""instruction"": ""Add the garlic, spices, dried thyme, carrots, celery and peppers and cook for 5 minutes.""}, {""step_number"": 3, ""instruction"": ""Add the tomatoes, stock, courgettes and fresh thyme and cook for 20 - 25 minutes.""}, {""step_number"": 4, ""instruction"": ""Take out the thyme sprigs. Stir in the lentils and bring back to a simmer. Serve with wild and white basmati rice, mash or quinoa.""}]",https://www.bbcgoodfood.com/recipes/1993645/vegetarian-casserole,https://www.youtube.com/watch?v=oHmKE9mWtWM,2026-10-02T09:17:34.157519+00:00,"Source omits servings, prep/cook times and difficulty; blanks import as SQL NULL. Description generated from source category/cuisine. Ingredient categories and balance groups assigned locally.",TheMealDB (https://www.themealdb.com); API terms: https://www.themealdb.com/terms_of_use.php,,
53241,Vegetarian,Vietnamese,rice,Vietnamese veg parcels,Vietnamese vegetarian recipe from TheMealDB.,,,,,https://www.themealdb.com/images/media/meals/f698g91763768731.jpg,https://www.themealdb.com/meal/53241,"[""vegetarian"", ""vietnamese"", ""ingredient:rice""]","[{""canonical_name"": ""rice flour pancakes"", ""category"": ""Grains"", ""quantity"": 100.0, ""unit"": ""g"", ""optional"": false, ""source_name"": ""Rice Flour Pancakes"", ""source_measure"": ""100g""}, {""canonical_name"": ""rice noodles"", ""category"": ""Grains"", ""quantity"": 50.0, ""unit"": ""g"", ""optional"": false, ""source_name"": ""Rice Noodles"", ""source_measure"": ""50g""}, {""canonical_name"": ""chicken breast"", ""category"": ""Protein"", ""quantity"": 1.0, ""unit"": null, ""optional"": false, ""source_name"": ""Chicken Breast"", ""source_measure"": ""1""}, {""canonical_name"": ""carrot"", ""category"": ""Vegetables"", ""quantity"": 1.0, ""unit"": ""sliced"", ""optional"": false, ""source_name"": ""Carrots"", ""source_measure"": ""1 sliced""}, {""canonical_name"": ""cucumber"", ""category"": ""Vegetables"", ""quantity"": 1.0, ""unit"": ""sliced"", ""optional"": false, ""source_name"": ""Cucumber"", ""source_measure"": ""1 sliced""}, {""canonical_name"": ""bell pepper"", ""category"": ""Vegetables"", ""quantity"": 1.0, ""unit"": ""sliced"", ""optional"": false, ""source_name"": ""Red Pepper"", ""source_measure"": ""1 sliced""}, {""canonical_name"": ""lettuce"", ""category"": ""Vegetables"", ""quantity"": null, ""unit"": null, ""optional"": false, ""source_name"": ""Lettuce"", ""source_measure"": ""To serve""}, {""canonical_name"": ""coriander"", ""category"": ""Seasoning"", ""quantity"": null, ""unit"": null, ""optional"": false, ""source_name"": ""Coriander"", ""source_measure"": ""To serve""}, {""canonical_name"": ""mint"", ""category"": ""Other"", ""quantity"": null, ""unit"": null, ""optional"": false, ""source_name"": ""Mint"", ""source_measure"": ""To serve""}, {""canonical_name"": ""fish sauce"", ""category"": ""Protein"", ""quantity"": 4.0, ""unit"": ""tbsp"", ""optional"": false, ""source_name"": ""Fish Sauce"", ""source_measure"": ""4 tablespoons""}, {""canonical_name"": ""rice vinegar"", ""category"": ""Grains"", ""quantity"": 2.0, ""unit"": ""tbsp"", ""optional"": false, ""source_name"": ""Rice Vinegar"", ""source_measure"": ""2 tablespoons""}, {""canonical_name"": ""lime"", ""category"": ""Fruit"", ""quantity"": null, ""unit"": null, ""optional"": false, ""source_name"": ""Lime"", ""source_measure"": ""Juice of 1/2""}, {""canonical_name"": ""red chilli"", ""category"": ""Seasoning"", ""quantity"": 1.0, ""unit"": ""sliced"", ""optional"": false, ""source_name"": ""Red Chilli"", ""source_measure"": ""1 sliced""}]","[{""step_number"": 1, ""instruction"": ""Soak the rice fl our pancakes according to pack instructions or in boiling water for 30 secs. Remove and cool on kitchen paper. Soak the rice noodles according to pack instructions, then drain and cut them into 2cm strips.""}, {""step_number"": 2, ""instruction"": ""Lay a rice pancake on a board and arrange some rice noodles, chicken, vegetables and herb leaves about a third of the way up, leaving a 1cm edge at the side. Fold the sides over the vegetables and then roll up lengthways to make a cigar. Store in the fridge, covered with moist kitchen paper for up to 1 day.""}, {""step_number"": 3, ""instruction"": ""Mix together the ingredients for the dipping sauce and put into a bowl. To serve, arrange the rolls on a plate along with the leaves and herbs. To eat, wrap each roll in a piece of lettuce with a herb sprig and dunk into the sauce.""}]",https://www.bbcgoodfood.com/recipes/vietnamese-veg-parcels,https://www.youtube.com/watch?v=k3ciVdNBuK0,2026-10-02T09:17:34.157519+00:00,"Source omits servings, prep/cook times and difficulty; blanks import as SQL NULL. Description generated from source category/cuisine. Ingredient categories and balance groups assigned locally.",TheMealDB (https://www.themealdb.com); API terms: https://www.themealdb.com/terms_of_use.php,,
